OrderID,UserID,ProductID,Quantity,OrderDate
1,C001,2,2,2024-07-05
2,C001,3,3,2024-07-04
3,C001,4,4,2024-07-03
4,C002,5,5,2024-07-02
5,C002,6,1,2024-07-01
6,C002,7,2,2024-06-30
7,C003,8,3,2024-06-29
8,C003,9,4,2024-06-28
9,C003,10,5,2024-06-27
10,C004,11,1,2024-06-26
11,C004,12,2,2024-06-25
12,C004,13,3,2024-06-24
13,C005,14,4,2024-06-23
14,C005,15,5,2024-06-22
15,C005,16,1,2024-06-21
16,C006,17,2,2024-06-20
17,C006,18,3,2024-06-19
18,C006,19,4,2024-06-18
19,C007,20,5,2024-06-17
20,C007,21,1,2024-06-16
21,C007,22,2,2024-06-15
22,C008,23,3,2024-06-14
23,C008,24,4,2024-06-13
24,C008,25,5,2024-06-12
25,C009,26,1,2024-06-11
26,C009,27,2,2024-06-10
27,C009,28,3,2024-06-09
28,C010,29,4,2024-06-08
29,C010,30,5,2024-06-07
30,C010,31,1,2024-06-06
31,C011,32,2,2024-06-05
32,C011,33,3,2024-06-04
33,C011,34,4,2024-06-03
34,C012,35,5,2024-06-02
35,C012,36,1,2024-06-01
36,C012,37,2,2024-05-31
37,C013,38,3,2024-05-30
38,C013,39,4,2024-05-29
39,C013,40,5,2024-05-28
40,C014,41,1,2024-05-27
41,C014,42,2,2024-05-26
42,C014,43,3,2024-05-25
43,C015,44,4,2024-05-24
44,C015,45,5,2024-05-23
45,C015,46,1,2024-05-22
46,C016,47,2,2024-05-21
47,C016,48,3,2024-05-20
48,C016,49,4,2024-05-19
49,C017,50,5,2024-05-18
50,C017,1,1,2024-05-17
51,C017,2,2,2024-05-16
52,C018,3,3,2024-05-15
53,C018,4,4,2024-05-14
54,C018,5,5,2024-05-13
55,C019,6,1,2024-05-12
56,C019,7,2,2024-05-11
57,C019,8,3,2024-05-10
58,C020,9,4,2024-05-09
59,C020,10,5,2024-05-08
60,C020,11,1,2024-05-07
61,C021,12,2,2024-05-06
62,C021,13,3,2024-05-05
63,C021,14,4,2024-05-04
64,C022,15,5,2024-05-03
65,C022,16,1,2024-05-02
66,C022,17,2,2024-05-01
67,C023,18,3,2024-04-30
68,C023,19,4,2024-04-29
69,C023,20,5,2024-04-28
70,C024,21,1,2024-04-27
71,C024,22,2,2024-04-26
72,C024,23,3,2024-04-25
73,C025,24,4,2024-04-24
74,C025,25,5,2024-04-23
75,C025,26,1,2024-04-22
76,C026,27,2,2024-04-21
77,C026,28,3,2024-04-20
78,C026,29,4,2024-04-19
79,C027,30,5,2024-04-18
80,C027,31,1,2024-04-17
81,C027,32,2,2024-04-16
82,C028,33,3,2024-04-15
83,C028,34,4,2024-04-14
84,C028,35,5,2024-04-13
85,C029,36,1,2024-04-12
86,C029,37,2,2024-04-11
87,C029,38,3,2024-04-10
88,C030,39,4,2024-04-09
89,C030,40,5,2024-04-08
90,C030,41,1,2024-04-07
91,C031,42,2,2024-04-06
92,C031,43,3,2024-04-05
93,C031,44,4,2024-04-04
94,C032,45,5,2024-04-03
95,C032,46,1,2024-04-02
96,C032,47,2,2024-04-01
97,C033,48,3,2024-03-31
98,C033,49,4,2024-03-30
99,C033,50,5,2024-03-29
100,C034,1,1,2024-03-28
101,C034,2,2,2024-03-27
102,C034,3,3,2024-03-26
103,C035,4,4,2024-03-25
104,C035,5,5,2024-03-24
105,C035,6,1,2024-03-23
106,C036,7,2,2024-03-22
107,C036,8,3,2024-03-21
108,C036,9,4,2024-03-20
109,C037,10,5,2024-03-19
110,C037,11,1,2024-03-18
111,C037,12,2,2024-03-17
112,C038,13,3,2024-03-16
113,C038,14,4,2024-03-15
114,C038,15,5,2024-03-14
115,C039,16,1,2024-03-13
116,C039,17,2,2024-03-12
117,C039,18,3,2024-03-11
118,C040,19,4,2024-03-10
119,C040,20,5,2024-03-09
120,C040,21,1,2024-03-08
121,C041,22,2,2024-03-07
122,C041,23,3,2024-03-06
123,C041,24,4,2024-03-05
124,C042,25,5,2024-03-04
125,C042,26,1,2024-03-03
126,C042,27,2,2024-03-02
127,C043,28,3,2024-03-01
128,C043,29,4,2024-02-29
129,C043,30,5,2024-02-28
130,C044,31,1,2024-02-27
131,C044,32,2,2024-02-26
132,C044,33,3,2024-02-25
133,C045,34,4,2024-02-24
134,C045,35,5,2024-02-23
135,C045,36,1,2024-02-22
136,C046,37,2,2024-02-21
137,C046,38,3,2024-02-20
138,C046,39,4,2024-02-19
139,C047,40,5,2024-02-18
140,C047,41,1,2024-02-17
141,C047,42,2,2024-02-16
142,C048,43,3,2024-02-15
143,C048,44,4,2024-02-14
144,C048,45,5,2024-02-13
145,C049,46,1,2024-02-12
146,C049,47,2,2024-02-11
147,C049,48,3,2024-02-10
148,C050,49,4,2024-02-09
149,C050,50,5,2024-02-08
150,C050,1,1,2024-02-07
151,C051,2,2,2024-02-06
152,C051,3,3,2024-02-05
153,C051,4,4,2024-02-04
154,C052,5,5,2024-02-03
155,C052,6,1,2024-02-02
156,C052,7,2,2024-02-01
157,C053,8,3,2024-01-31
158,C053,9,4,2024-01-30
159,C053,10,5,2024-01-29
160,C054,11,1,2024-01-28
161,C054,12,2,2024-01-27
162,C054,13,3,2024-01-26
163,C055,14,4,2024-01-25
164,C055,15,5,2024-01-24
165,C055,16,1,2024-01-23
166,C056,17,2,2024-01-22
167,C056,18,3,2024-01-21
168,C056,19,4,2024-01-20
169,C057,20,5,2024-01-19
170,C057,21,1,2024-01-18
171,C057,22,2,2024-01-17
172,C058,23,3,2024-01-16
173,C058,24,4,2024-01-15
174,C058,25,5,2024-01-14
175,C059,26,1,2024-01-13
176,C059,27,2,2024-01-12
177,C059,28,3,2024-01-11
178,C060,29,4,2024-01-10
179,C060,30,5,2024-01-09
180,C060,31,1,2024-01-08
181,C061,32,2,2024-01-07
182,C061,33,3,2024-01-06
183,C061,34,4,2024-01-05
184,C062,35,5,2024-01-04
185,C062,36,1,2024-01-03
186,C062,37,2,2024-01-02
187,C063,38,3,2024-01-01
188,C063,39,4,2023-12-31
189,C063,40,5,2023-12-30
190,C064,41,1,2023-12-29
191,C064,42,2,2023-12-28
192,C064,43,3,2023-12-27
193,C065,44,4,2023-12-26
194,C065,45,5,2023-12-25
195,C065,46,1,2023-12-24
196,C066,47,2,2023-12-23
197,C066,48,3,2023-12-22
198,C066,49,4,2023-12-21
199,C067,50,5,2023-12-20
200,C067,1,1,2023-12-19
201,C067,2,2,2023-12-18
202,C068,3,3,2023-12-17
203,C068,4,4,2023-12-16
204,C068,5,5,2023-12-15
205,C069,6,1,2023-12-14
206,C069,7,2,2023-12-13
207,C069,8,3,2023-12-12
208,C070,9,4,2023-12-11
209,C070,10,5,2023-12-10
210,C070,11,1,2023-12-09
211,C071,12,2,2023-12-08
212,C071,13,3,2023-12-07
213,C071,14,4,2023-12-06
214,C072,15,5,2023-12-05
215,C072,16,1,2023-12-04
216,C072,17,2,2023-12-03
217,C073,18,3,2023-12-02
218,C073,19,4,2023-12-01
219,C073,20,5,2023-11-30
220,C074,21,1,2023-11-29
221,C074,22,2,2023-11-28
222,C074,23,3,2023-11-27
223,C075,24,4,2023-11-26
224,C075,25,5,2023-11-25
225,C075,26,1,2023-11-24
226,C076,27,2,2023-11-23
227,C076,28,3,2023-11-22
228,C076,29,4,2023-11-21
229,C077,30,5,2023-11-20
230,C077,31,1,2023-11-19
231,C077,32,2,2023-11-18
232,C078,33,3,2023-11-17
233,C078,34,4,2023-11-16
234,C078,35,5,2023-11-15
235,C079,36,1,2023-11-14
236,C079,37,2,2023-11-13
237,C079,38,3,2023-11-12
238,C080,39,4,2023-11-11
239,C080,40,5,2023-11-10
240,C080,41,1,2023-11-09
241,C081,42,2,2023-11-08
242,C081,43,3,2023-11-07
243,C081,44,4,2023-11-06
244,C082,45,5,2023-11-05
245,C082,46,1,2023-11-04
246,C082,47,2,2023-11-03
247,C083,48,3,2023-11-02
248,C083,49,4,2023-11-01
249,C083,50,5,2023-10-31
250,C084,1,1,2023-10-30
251,C084,2,2,2023-10-29
252,C084,3,3,2023-10-28
253,C085,4,4,2023-10-27
254,C085,5,5,2023-10-26
255,C085,6,1,2023-10-25
256,C086,7,2,2023-10-24
257,C086,8,3,2023-10-23
258,C086,9,4,2023-10-22
259,C087,10,5,2023-10-21
260,C087,11,1,2023-10-20
261,C087,12,2,2023-10-19
262,C088,13,3,2023-10-18
263,C088,14,4,2023-10-17
264,C088,15,5,2023-10-16
265,C089,16,1,2023-10-15
266,C089,17,2,2023-10-14
267,C089,18,3,2023-10-13
268,C090,19,4,2023-10-12
269,C090,20,5,2023-10-11
270,C090,21,1,2023-10-10
271,C091,22,2,2023-10-09
272,C091,23,3,2023-10-08
273,C091,24,4,2023-10-07
274,C092,25,5,2023-10-06
275,C092,26,1,2023-10-05
276,C092,27,2,2023-10-04
277,C093,28,3,2023-10-03
278,C093,29,4,2023-10-02
279,C093,30,5,2023-10-01
280,C094,31,1,2023-09-30
281,C094,32,2,2023-09-29
282,C094,33,3,2023-09-28
283,C095,34,4,2023-09-27
284,C095,35,5,2023-09-26
285,C095,36,1,2023-09-25
286,C096,37,2,2023-09-24
287,C096,38,3,2023-09-23
288,C096,39,4,2023-09-22
289,C097,40,5,2023-09-21
290,C097,41,1,2023-09-20
291,C097,42,2,2023-09-19
292,C098,43,3,2023-09-18
293,C098,44,4,2023-09-17
294,C098,45,5,2023-09-16
295,C099,46,1,2023-09-15
296,C099,47,2,2023-09-14
297,C099,48,3,2023-09-13
298,C100,49,4,2023-09-12
299,C100,50,5,2023-09-11
300,C100,1,1,2023-09-10
301,C101,2,2,2023-09-09
302,C101,3,3,2023-09-08
303,C101,4,4,2023-09-07
304,C102,5,5,2023-09-06
305,C102,6,1,2023-09-05
306,C102,7,2,2023-09-04
307,C103,8,3,2023-09-03
308,C103,9,4,2023-09-02
309,C103,10,5,2023-09-01
310,C104,11,1,2023-08-31
311,C104,12,2,2023-08-30
312,C104,13,3,2023-08-29
313,C105,14,4,2023-08-28
314,C105,15,5,2023-08-27
315,C105,16,1,2023-08-26
316,C106,17,2,2023-08-25
317,C106,18,3,2023-08-24
318,C106,19,4,2023-08-23
319,C107,20,5,2023-08-22
320,C107,21,1,2023-08-21
321,C107,22,2,2023-08-20
322,C108,23,3,2023-08-19
323,C108,24,4,2023-08-18
324,C108,25,5,2023-08-17
325,C109,26,1,2023-08-16
326,C109,27,2,2023-08-15
327,C109,28,3,2023-08-14
328,C110,29,4,2023-08-13
329,C110,30,5,2023-08-12
330,C110,31,1,2023-08-11
331,C111,32,2,2023-08-10
332,C111,33,3,2023-08-09
333,C111,34,4,2023-08-08
334,C112,35,5,2023-08-07
335,C112,36,1,2023-08-06
336,C112,37,2,2023-08-05
337,C113,38,3,2023-08-04
338,C113,39,4,2023-08-03
339,C113,40,5,2023-08-02
340,C114,41,1,2023-08-01
341,C114,42,2,2023-07-31
342,C114,43,3,2023-07-30
343,C115,44,4,2023-07-29
344,C115,45,5,2023-07-28
345,C115,46,1,2023-07-27
346,C116,47,2,2023-07-26
347,C116,48,3,2023-07-25
348,C116,49,4,2023-07-24
349,C117,50,5,2023-07-23
350,C117,1,1,2023-07-22
351,C117,2,2,2023-07-21
352,C118,3,3,2023-07-20
353,C118,4,4,2023-07-19
354,C118,5,5,2023-07-18
355,C119,6,1,2023-07-17
356,C119,7,2,2023-07-16
357,C119,8,3,2023-07-15
358,C120,9,4,2023-07-14
359,C120,10,5,2023-07-13
360,C120,11,1,2023-07-12
361,C121,12,2,2023-07-11
362,C121,13,3,2023-07-10
363,C121,14,4,2023-07-09
364,C122,15,5,2023-07-08
365,C122,16,1,2023-07-07
366,C122,17,2,2023-07-06
367,C123,18,3,2023-07-05
368,C123,19,4,2023-07-04
369,C123,20,5,2023-07-03
370,C124,21,1,2023-07-02
371,C124,22,2,2023-07-01
372,C124,23,3,2023-06-30
373,C125,24,4,2023-06-29
374,C125,25,5,2023-06-28
375,C125,26,1,2023-06-27
376,C126,27,2,2023-06-26
377,C126,28,3,2023-06-25
378,C126,29,4,2023-06-24
379,C127,30,5,2023-06-23
380,C127,31,1,2023-06-22
381,C127,32,2,2023-06-21
382,C128,33,3,2023-06-20
383,C128,34,4,2023-06-19
384,C128,35,5,2023-06-18
385,C129,36,1,2023-06-17
386,C129,37,2,2023-06-16
387,C129,38,3,2023-06-15
388,C130,39,4,2023-06-14
389,C130,40,5,2023-06-13
390,C130,41,1,2023-06-12
391,C131,42,2,2023-06-11
392,C131,43,3,2023-06-10
393,C131,44,4,2023-06-09
394,C132,45,5,2023-06-08
395,C132,46,1,2023-06-07
396,C132,47,2,2023-06-06
397,C133,48,3,2023-06-05
398,C133,49,4,2023-06-04
399,C133,50,5,2023-06-03
400,C134,1,1,2023-06-02
401,C134,2,2,2023-06-01
402,C134,3,3,2023-05-31
403,C135,4,4,2023-05-30
404,C135,5,5,2023-05-29
405,C135,6,1,2023-05-28
406,C136,7,2,2023-05-27
407,C136,8,3,2023-05-26
408,C136,9,4,2023-05-25
409,C137,10,5,2023-05-24
410,C137,11,1,2023-05-23
411,C137,12,2,2023-05-22
412,C138,13,3,2023-05-21
413,C138,14,4,2023-05-20
414,C138,15,5,2023-05-19
415,C139,16,1,2023-05-18
416,C139,17,2,2023-05-17
417,C139,18,3,2023-05-16
418,C140,19,4,2023-05-15
419,C140,20,5,2023-05-14
420,C140,21,1,2023-05-13
421,C141,22,2,2023-05-12
422,C141,23,3,2023-05-11
423,C141,24,4,2023-05-10
424,C142,25,5,2023-05-09
425,C142,26,1,2023-05-08
426,C142,27,2,2023-05-07
427,C143,28,3,2023-05-06
428,C143,29,4,2023-05-05
429,C143,30,5,2023-05-04
430,C144,31,1,2023-05-03
431,C144,32,2,2023-05-02
432,C144,33,3,2023-05-01
433,C145,34,4,2023-04-30
434,C145,35,5,2023-04-29
435,C145,36,1,2023-04-28
436,C146,37,2,2023-04-27
437,C146,38,3,2023-04-26
438,C146,39,4,2023-04-25
439,C147,40,5,2023-04-24
440,C147,41,1,2023-04-23
441,C147,42,2,2023-04-22
442,C148,43,3,2023-04-21
443,C148,44,4,2023-04-20
444,C148,45,5,2023-04-19
445,C149,46,1,2023-04-18
446,C149,47,2,2023-04-17
447,C149,48,3,2023-04-16
448,C150,49,4,2023-04-15
449,C150,50,5,2023-04-14
450,C150,1,1,2023-04-13
451,C151,2,2,2023-04-12
452,C151,3,3,2023-04-11
453,C151,4,4,2023-04-10
454,C152,5,5,2023-04-09
455,C152,6,1,2023-04-08
456,C152,7,2,2023-04-07
457,C153,8,3,2023-04-06
458,C153,9,4,2023-04-05
459,C153,10,5,2023-04-04
460,C154,11,1,2023-04-03
461,C154,12,2,2023-04-02
462,C154,13,3,2023-04-01
463,C155,14,4,2023-03-31
464,C155,15,5,2023-03-30
465,C155,16,1,2023-03-29
466,C156,17,2,2023-03-28
467,C156,18,3,2023-03-27
468,C156,19,4,2023-03-26
469,C157,20,5,2023-03-25
470,C157,21,1,2023-03-24
471,C157,22,2,2023-03-23
472,C158,23,3,2023-03-22
473,C158,24,4,2023-03-21
474,C158,25,5,2023-03-20
475,C159,26,1,2023-03-19
476,C159,27,2,2023-03-18
477,C159,28,3,2023-03-17
478,C160,29,4,2023-03-16
479,C160,30,5,2023-03-15
480,C160,31,1,2023-03-14
481,C161,32,2,2023-03-13
482,C161,33,3,2023-03-12
483,C161,34,4,2023-03-11
484,C162,35,5,2023-03-10
485,C162,36,1,2023-03-09
486,C162,37,2,2023-03-08
487,C163,38,3,2023-03-07
488,C163,39,4,2023-03-06
489,C163,40,5,2023-03-05
490,C164,41,1,2023-03-04
491,C164,42,2,2023-03-03
492,C164,43,3,2023-03-02
493,C165,44,4,2023-03-01
494,C165,45,5,2023-02-28
495,C165,46,1,2023-02-27
496,C166,47,2,2023-02-26
497,C166,48,3,2023-02-25
498,C166,49,4,2023-02-24
499,C167,50,5,2023-02-23
500,C167,1,1,2023-02-22
501,C167,2,2,2023-02-21
502,C168,3,3,2023-02-20
503,C168,4,4,2023-02-19
504,C168,5,5,2023-02-18
505,C169,6,1,2023-02-17
506,C169,7,2,2023-02-16
507,C169,8,3,2023-02-15
508,C170,9,4,2023-02-14
509,C170,10,5,2023-02-13
510,C170,11,1,2023-02-12
511,C171,12,2,2023-02-11
512,C171,13,3,2023-02-10
513,C171,14,4,2023-02-09
514,C172,15,5,2023-02-08
515,C172,16,1,2023-02-07
516,C172,17,2,2023-02-06
517,C173,18,3,2023-02-05
518,C173,19,4,2023-02-04
519,C173,20,5,2023-02-03
520,C174,21,1,2023-02-02
521,C174,22,2,2023-02-01
522,C174,23,3,2023-01-31
523,C175,24,4,2023-01-30
524,C175,25,5,2023-01-29
525,C175,26,1,2023-01-28
526,C176,27,2,2023-01-27
527,C176,28,3,2023-01-26
528,C176,29,4,2023-01-25
529,C177,30,5,2023-01-24
530,C177,31,1,2023-01-23
531,C177,32,2,2023-01-22
532,C178,33,3,2023-01-21
533,C178,34,4,2023-01-20
534,C178,35,5,2023-01-19
535,C179,36,1,2023-01-18
536,C179,37,2,2023-01-17
537,C179,38,3,2023-01-16
538,C180,39,4,2023-01-15
539,C180,40,5,2023-01-14
540,C180,41,1,2023-01-13
541,C181,42,2,2023-01-12
542,C181,43,3,2023-01-11
543,C181,44,4,2023-01-10
544,C182,45,5,2023-01-09
545,C182,46,1,2023-01-08
546,C182,47,2,2023-01-07
547,C183,48,3,2023-01-06
548,C183,49,4,2023-01-05
549,C183,50,5,2023-01-04
550,C184,1,1,2023-01-03
551,C184,2,2,2023-01-02
552,C184,3,3,2023-01-01
553,C185,4,4,2022-12-31
554,C185,5,5,2022-12-30
555,C185,6,1,2022-12-29
556,C186,7,2,2022-12-28
557,C186,8,3,2022-12-27
558,C186,9,4,2022-12-26
559,C187,10,5,2022-12-25
560,C187,11,1,2022-12-24
561,C187,12,2,2022-12-23
562,C188,13,3,2022-12-22
563,C188,14,4,2022-12-21
564,C188,15,5,2022-12-20
565,C189,16,1,2022-12-19
566,C189,17,2,2022-12-18
567,C189,18,3,2022-12-17
568,C190,19,4,2022-12-16
569,C190,20,5,2022-12-15
570,C190,21,1,2022-12-14
571,C191,22,2,2022-12-13
572,C191,23,3,2022-12-12
573,C191,24,4,2022-12-11
574,C192,25,5,2022-12-10
575,C192,26,1,2022-12-09
576,C192,27,2,2022-12-08
577,C193,28,3,2022-12-07
578,C193,29,4,2022-12-06
579,C193,30,5,2022-12-05
580,C194,31,1,2022-12-04
581,C194,32,2,2022-12-03
582,C194,33,3,2022-12-02
583,C195,34,4,2022-12-01
584,C195,35,5,2022-11-30
585,C195,36,1,2022-11-29
586,C196,37,2,2022-11-28
587,C196,38,3,2022-11-27
588,C196,39,4,2022-11-26
589,C197,40,5,2022-11-25
590,C197,41,1,2022-11-24
591,C197,42,2,2022-11-23
592,C198,43,3,2022-11-22
593,C198,44,4,2022-11-21
594,C198,45,5,2022-11-20
595,C199,46,1,2022-11-19
596,C199,47,2,2022-11-18
597,C199,48,3,2022-11-17
598,C200,49,4,2022-11-16
599,C200,50,5,2022-11-15
600,C200,1,1,2022-11-14
601,C201,2,2,2022-11-13
602,C201,3,3,2022-11-12
603,C201,4,4,2022-11-11
604,C202,5,5,2022-11-10
605,C202,6,1,2022-11-09
606,C202,7,2,2022-11-08
607,C203,8,3,2022-11-07
608,C203,9,4,2022-11-06
609,C203,10,5,2022-11-05
610,C204,11,1,2022-11-04
611,C204,12,2,2022-11-03
612,C204,13,3,2022-11-02
613,C205,14,4,2022-11-01
614,C205,15,5,2022-10-31
615,C205,16,1,2022-10-30
616,C206,17,2,2022-10-29
617,C206,18,3,2022-10-28
618,C206,19,4,2022-10-27
619,C207,20,5,2022-10-26
620,C207,21,1,2022-10-25
621,C207,22,2,2022-10-24
622,C208,23,3,2022-10-23
623,C208,24,4,2022-10-22
624,C208,25,5,2022-10-21
625,C209,26,1,2022-10-20
626,C209,27,2,2022-10-19
627,C209,28,3,2022-10-18
628,C210,29,4,2022-10-17
629,C210,30,5,2022-10-16
630,C210,31,1,2022-10-15
631,C211,32,2,2022-10-14
632,C211,33,3,2022-10-13
633,C211,34,4,2022-10-12
634,C212,35,5,2022-10-11
635,C212,36,1,2022-10-10
636,C212,37,2,2022-10-09
637,C213,38,3,2022-10-08
638,C213,39,4,2022-10-07
639,C213,40,5,2022-10-06
640,C214,41,1,2022-10-05
641,C214,42,2,2022-10-04
642,C214,43,3,2022-10-03
643,C215,44,4,2022-10-02
644,C215,45,5,2022-10-01
645,C215,46,1,2022-09-30
646,C216,47,2,2022-09-29
647,C216,48,3,2022-09-28
648,C216,49,4,2022-09-27
649,C217,50,5,2022-09-26
650,C217,1,1,2022-09-25
651,C217,2,2,2022-09-24
652,C218,3,3,2022-09-23
653,C218,4,4,2022-09-22
654,C218,5,5,2022-09-21
655,C219,6,1,2022-09-20
656,C219,7,2,2022-09-19
657,C219,8,3,2022-09-18
658,C220,9,4,2022-09-17
659,C220,10,5,2022-09-16
660,C220,11,1,2022-09-15
661,C221,12,2,2022-09-14
662,C221,13,3,2022-09-13
663,C221,14,4,2022-09-12
664,C222,15,5,2022-09-11
665,C222,16,1,2022-09-10
666,C222,17,2,2022-09-09
667,C223,18,3,2022-09-08
668,C223,19,4,2022-09-07
669,C223,20,5,2022-09-06
670,C224,21,1,2022-09-05
671,C224,22,2,2022-09-04
672,C224,23,3,2022-09-03
673,C225,24,4,2022-09-02
674,C225,25,5,2022-09-01
675,C225,26,1,2022-08-31
676,C226,27,2,2022-08-30
677,C226,28,3,2022-08-29
678,C226,29,4,2022-08-28
679,C227,30,5,2022-08-27
680,C227,31,1,2022-08-26
681,C227,32,2,2022-08-25
682,C228,33,3,2022-08-24
683,C228,34,4,2022-08-23
684,C228,35,5,2022-08-22
685,C229,36,1,2022-08-21
686,C229,37,2,2022-08-20
687,C229,38,3,2022-08-19
688,C230,39,4,2022-08-18
689,C230,40,5,2022-08-17
690,C230,41,1,2022-08-16
691,C231,42,2,2022-08-15
692,C231,43,3,2022-08-14
693,C231,44,4,2022-08-13
694,C232,45,5,2022-08-12
695,C232,46,1,2022-08-11
696,C232,47,2,2022-08-10
697,C233,48,3,2022-08-09
698,C233,49,4,2022-08-08
699,C233,50,5,2022-08-07
700,C234,1,1,2022-08-06
701,C234,2,2,2022-08-05
702,C234,3,3,2022-08-04
703,C235,4,4,2022-08-03
704,C235,5,5,2022-08-02
705,C235,6,1,2022-08-01
706,C236,7,2,2022-07-31
707,C236,8,3,2022-07-30
708,C236,9,4,2022-07-29
709,C237,10,5,2022-07-28
710,C237,11,1,2022-07-27
711,C237,12,2,2022-07-26
712,C238,13,3,2022-07-25
713,C238,14,4,2022-07-24
714,C238,15,5,2022-07-23
715,C239,16,1,2022-07-22
716,C239,17,2,2022-07-21
717,C239,18,3,2022-07-20
718,C240,19,4,2022-07-19
719,C240,20,5,2022-07-18
720,C240,21,1,2022-07-17
721,C241,22,2,2022-07-16
722,C241,23,3,2022-07-15
723,C241,24,4,2022-07-14
724,C242,25,5,2022-07-13
725,C242,26,1,2022-07-12
726,C242,27,2,2022-07-11
727,C243,28,3,2022-07-10
728,C243,29,4,2022-07-09
729,C243,30,5,2022-07-08
730,C244,31,1,2022-07-07
731,C244,32,2,2022-07-06
732,C244,33,3,2022-07-05
733,C245,34,4,2022-07-04
734,C245,35,5,2022-07-03
735,C245,36,1,2022-07-02
736,C246,37,2,2022-07-01
737,C246,38,3,2022-06-30
738,C246,39,4,2022-06-29
739,C247,40,5,2022-06-28
740,C247,41,1,2022-06-27
741,C247,42,2,2022-06-26
742,C248,43,3,2022-06-25
743,C248,44,4,2022-06-24
744,C248,45,5,2022-06-23
745,C249,46,1,2022-06-22
746,C249,47,2,2022-06-21
747,C249,48,3,2022-06-20
748,C250,49,4,2022-06-19
749,C250,50,5,2022-06-18
750,C250,1,1,2022-06-17
751,C251,2,2,2022-06-16
752,C251,3,3,2022-06-15
753,C251,4,4,2022-06-14
754,C252,5,5,2022-06-13
755,C252,6,1,2022-06-12
756,C252,7,2,2022-06-11
757,C253,8,3,2022-06-10
758,C253,9,4,2022-06-09
759,C253,10,5,2022-06-08
760,C254,11,1,2022-06-07
761,C254,12,2,2022-06-06
762,C254,13,3,2022-06-05
763,C255,14,4,2022-06-04
764,C255,15,5,2022-06-03
765,C255,16,1,2022-06-02
766,C256,17,2,2022-06-01
767,C256,18,3,2022-05-31
768,C256,19,4,2022-05-30
769,C257,20,5,2022-05-29
770,C257,21,1,2022-05-28
771,C257,22,2,2022-05-27
772,C258,23,3,2022-05-26
773,C258,24,4,2022-05-25
774,C258,25,5,2022-05-24
775,C259,26,1,2022-05-23
776,C259,27,2,2022-05-22
777,C259,28,3,2022-05-21
778,C260,29,4,2022-05-20
779,C260,30,5,2022-05-19
780,C260,31,1,2022-05-18
781,C261,32,2,2022-05-17
782,C261,33,3,2022-05-16
783,C261,34,4,2022-05-15
784,C262,35,5,2022-05-14
785,C262,36,1,2022-05-13
786,C262,37,2,2022-05-12
787,C263,38,3,2022-05-11
788,C263,39,4,2022-05-10
789,C263,40,5,2022-05-09
790,C264,41,1,2022-05-08
791,C264,42,2,2022-05-07
792,C264,43,3,2022-05-06
793,C265,44,4,2022-05-05
794,C265,45,5,2022-05-04
795,C265,46,1,2022-05-03
796,C266,47,2,2022-05-02
797,C266,48,3,2022-05-01
798,C266,49,4,2022-04-30
799,C267,50,5,2022-04-29
800,C267,1,1,2022-04-28
801,C267,2,2,2022-04-27
802,C268,3,3,2022-04-26
803,C268,4,4,2022-04-25
804,C268,5,5,2022-04-24
805,C269,6,1,2022-04-23
806,C269,7,2,2022-04-22
807,C269,8,3,2022-04-21
808,C270,9,4,2022-04-20
809,C270,10,5,2022-04-19
810,C270,11,1,2022-04-18
811,C271,12,2,2022-04-17
812,C271,13,3,2022-04-16
813,C271,14,4,2022-04-15
814,C272,15,5,2022-04-14
815,C272,16,1,2022-04-13
816,C272,17,2,2022-04-12
817,C273,18,3,2022-04-11
818,C273,19,4,2022-04-10
819,C273,20,5,2022-04-09
820,C274,21,1,2022-04-08
821,C274,22,2,2022-04-07
822,C274,23,3,2022-04-06
823,C275,24,4,2022-04-05
824,C275,25,5,2022-04-04
825,C275,26,1,2022-04-03
826,C276,27,2,2022-04-02
827,C276,28,3,2022-04-01
828,C276,29,4,2022-03-31
829,C277,30,5,2022-03-30
830,C277,31,1,2022-03-29
831,C277,32,2,2022-03-28
832,C278,33,3,2022-03-27
833,C278,34,4,2022-03-26
834,C278,35,5,2022-03-25
835,C279,36,1,2022-03-24
836,C279,37,2,2022-03-23
837,C279,38,3,2022-03-22
838,C280,39,4,2022-03-21
839,C280,40,5,2022-03-20
840,C280,41,1,2022-03-19
841,C281,42,2,2022-03-18
842,C281,43,3,2022-03-17
843,C281,44,4,2022-03-16
844,C282,45,5,2022-03-15
845,C282,46,1,2022-03-14
846,C282,47,2,2022-03-13
847,C283,48,3,2022-03-12
848,C283,49,4,2022-03-11
849,C283,50,5,2022-03-10
850,C284,1,1,2022-03-09
851,C284,2,2,2022-03-08
852,C284,3,3,2022-03-07
853,C285,4,4,2022-03-06
854,C285,5,5,2022-03-05
855,C285,6,1,2022-03-04
856,C286,7,2,2022-03-03
857,C286,8,3,2022-03-02
858,C286,9,4,2022-03-01
859,C287,10,5,2022-02-28
860,C287,11,1,2022-02-27
861,C287,12,2,2022-02-26
862,C288,13,3,2022-02-25
863,C288,14,4,2022-02-24
864,C288,15,5,2022-02-23
865,C289,16,1,2022-02-22
866,C289,17,2,2022-02-21
867,C289,18,3,2022-02-20
868,C290,19,4,2022-02-19
869,C290,20,5,2022-02-18
870,C290,21,1,2022-02-17
871,C291,22,2,2022-02-16
872,C291,23,3,2022-02-15
873,C291,24,4,2022-02-14
874,C292,25,5,2022-02-13
875,C292,26,1,2022-02-12
876,C292,27,2,2022-02-11
877,C293,28,3,2022-02-10
878,C293,29,4,2022-02-09
879,C293,30,5,2022-02-08
880,C294,31,1,2022-02-07
881,C294,32,2,2022-02-06
882,C294,33,3,2022-02-05
883,C295,34,4,2022-02-04
884,C295,35,5,2022-02-03
885,C295,36,1,2022-02-02
886,C296,37,2,2022-02-01
887,C296,38,3,2022-01-31
888,C296,39,4,2022-01-30
889,C297,40,5,2022-01-29
890,C297,41,1,2022-01-28
891,C297,42,2,2022-01-27
892,C298,43,3,2022-01-26
893,C298,44,4,2022-01-25
894,C298,45,5,2022-01-24
895,C299,46,1,2022-01-23
896,C299,47,2,2022-01-22
897,C299,48,3,2022-01-21
898,C300,49,4,2022-01-20
899,C300,50,5,2022-01-19
900,C300,1,1,2022-01-18
901,C301,2,2,2022-01-17
902,C301,3,3,2022-01-16
903,C301,4,4,2022-01-15
904,C302,5,5,2022-01-14
905,C302,6,1,2022-01-13
906,C302,7,2,2022-01-12
907,C303,8,3,2022-01-11
908,C303,9,4,2022-01-10
909,C303,10,5,2022-01-09
910,C304,11,1,2022-01-08
911,C304,12,2,2022-01-07
912,C304,13,3,2022-01-06
913,C305,14,4,2022-01-05
914,C305,15,5,2022-01-04
915,C305,16,1,2022-01-03
916,C306,17,2,2022-01-02
917,C306,18,3,2022-01-01
918,C306,19,4,2021-12-31
919,C307,20,5,2021-12-30
920,C307,21,1,2021-12-29
921,C307,22,2,2021-12-28
922,C308,23,3,2021-12-27
923,C308,24,4,2021-12-26
924,C308,25,5,2021-12-25
925,C309,26,1,2021-12-24
926,C309,27,2,2021-12-23
927,C309,28,3,2021-12-22
928,C310,29,4,2021-12-21
929,C310,30,5,2021-12-20
930,C310,31,1,2021-12-19
931,C311,32,2,2021-12-18
932,C311,33,3,2021-12-17
933,C311,34,4,2021-12-16
934,C312,35,5,2021-12-15
935,C312,36,1,2021-12-14
936,C312,37,2,2021-12-13
937,C313,38,3,2021-12-12
938,C313,39,4,2021-12-11
939,C313,40,5,2021-12-10
940,C314,41,1,2021-12-09
941,C314,42,2,2021-12-08
942,C314,43,3,2021-12-07
943,C315,44,4,2021-12-06
944,C315,45,5,2021-12-05
945,C315,46,1,2021-12-04
946,C316,47,2,2021-12-03
947,C316,48,3,2021-12-02
948,C316,49,4,2021-12-01
949,C317,50,5,2021-11-30
950,C317,1,1,2021-11-29
951,C317,2,2,2021-11-28
952,C318,3,3,2021-11-27
953,C318,4,4,2021-11-26
954,C318,5,5,2021-11-25
955,C319,6,1,2021-11-24
956,C319,7,2,2021-11-23
957,C319,8,3,2021-11-22
958,C320,9,4,2021-11-21
959,C320,10,5,2021-11-20
960,C320,11,1,2021-11-19
961,C321,12,2,2021-11-18
962,C321,13,3,2021-11-17
963,C321,14,4,2021-11-16
964,C322,15,5,2021-11-15
965,C322,16,1,2021-11-14
966,C322,17,2,2021-11-13
967,C323,18,3,2021-11-12
968,C323,19,4,2021-11-11
969,C323,20,5,2021-11-10
970,C324,21,1,2021-11-09
971,C324,22,2,2021-11-08
972,C324,23,3,2021-11-07
973,C325,24,4,2021-11-06
974,C325,25,5,2021-11-05
975,C325,26,1,2021-11-04
976,C326,27,2,2021-11-03
977,C326,28,3,2021-11-02
978,C326,29,4,2021-11-01
979,C327,30,5,2021-10-31
980,C327,31,1,2021-10-30
981,C327,32,2,2021-10-29
982,C328,33,3,2021-10-28
983,C328,34,4,2021-10-27
984,C328,35,5,2021-10-26
985,C329,36,1,2021-10-25
986,C329,37,2,2021-10-24
987,C329,38,3,2021-10-23
988,C330,39,4,2021-10-22
989,C330,40,5,2021-10-21
990,C330,41,1,2021-10-20
991,C331,42,2,2021-10-19
992,C331,43,3,2021-10-18
993,C331,44,4,2021-10-17
994,C332,45,5,2021-10-16
995,C332,46,1,2021-10-15
996,C332,47,2,2021-10-14
997,C333,48,3,2021-10-13
998,C333,49,4,2021-10-12
999,C333,50,5,2021-10-11
1000,C334,1,1,2021-10-10
1001,C334,2,2,2021-10-09
1002,C334,3,3,2021-10-08
1003,C335,4,4,2021-10-07
1004,C335,5,5,2021-10-06
1005,C335,6,1,2021-10-05
1006,C336,7,2,2021-10-04
1007,C336,8,3,2021-10-03
1008,C336,9,4,2021-10-02
1009,C337,10,5,2021-10-01
1010,C337,11,1,2021-09-30
1011,C337,12,2,2021-09-29
1012,C338,13,3,2021-09-28
1013,C338,14,4,2021-09-27
1014,C338,15,5,2021-09-26
1015,C339,16,1,2021-09-25
1016,C339,17,2,2021-09-24
1017,C339,18,3,2021-09-23
1018,C340,19,4,2021-09-22
1019,C340,20,5,2021-09-21
1020,C340,21,1,2021-09-20
1021,C341,22,2,2021-09-19
1022,C341,23,3,2021-09-18
1023,C341,24,4,2021-09-17
1024,C342,25,5,2021-09-16
1025,C342,26,1,2021-09-15
1026,C342,27,2,2021-09-14
1027,C343,28,3,2021-09-13
1028,C343,29,4,2021-09-12
1029,C343,30,5,2021-09-11
1030,C344,31,1,2021-09-10
1031,C344,32,2,2021-09-09
1032,C344,33,3,2021-09-08
1033,C345,34,4,2021-09-07
1034,C345,35,5,2021-09-06
1035,C345,36,1,2021-09-05
1036,C346,37,2,2021-09-04
1037,C346,38,3,2021-09-03
1038,C346,39,4,2021-09-02
1039,C347,40,5,2021-09-01
1040,C347,41,1,2021-08-31
1041,C347,42,2,2021-08-30
1042,C348,43,3,2021-08-29
1043,C348,44,4,2021-08-28
1044,C348,45,5,2021-08-27
1045,C349,46,1,2021-08-26
1046,C349,47,2,2021-08-25
1047,C349,48,3,2021-08-24
1048,C350,49,4,2021-08-23
1049,C350,50,5,2021-08-22
1050,C350,1,1,2021-08-21
1051,C351,2,2,2021-08-20
1052,C351,3,3,2021-08-19
1053,C351,4,4,2021-08-18
1054,C352,5,5,2021-08-17
1055,C352,6,1,2021-08-16
1056,C352,7,2,2021-08-15
1057,C353,8,3,2021-08-14
1058,C353,9,4,2021-08-13
1059,C353,10,5,2021-08-12
1060,C354,11,1,2021-08-11
1061,C354,12,2,2021-08-10
1062,C354,13,3,2021-08-09
1063,C355,14,4,2021-08-08
1064,C355,15,5,2021-08-07
1065,C355,16,1,2021-08-06
1066,C356,17,2,2021-08-05
1067,C356,18,3,2021-08-04
1068,C356,19,4,2021-08-03
1069,C357,20,5,2021-08-02
1070,C357,21,1,2021-08-01
1071,C357,22,2,2021-07-31
1072,C358,23,3,2021-07-30
1073,C358,24,4,2021-07-29
1074,C358,25,5,2021-07-28
1075,C359,26,1,2021-07-27
1076,C359,27,2,2021-07-26
1077,C359,28,3,2021-07-25
1078,C360,29,4,2021-07-24
1079,C360,30,5,2021-07-23
1080,C360,31,1,2021-07-22
1081,C361,32,2,2021-07-21
1082,C361,33,3,2021-07-20
1083,C361,34,4,2021-07-19
1084,C362,35,5,2021-07-18
1085,C362,36,1,2021-07-17
1086,C362,37,2,2021-07-16
1087,C363,38,3,2021-07-15
1088,C363,39,4,2021-07-14
1089,C363,40,5,2021-07-13
1090,C364,41,1,2021-07-12
1091,C364,42,2,2021-07-11
1092,C364,43,3,2021-07-10
1093,C365,44,4,2021-07-09
1094,C365,45,5,2021-07-08
1095,C365,46,1,2021-07-07
1096,C366,47,2,2021-07-06
1097,C366,48,3,2021-07-05
1098,C366,49,4,2021-07-04
1099,C367,50,5,2021-07-03
1100,C367,1,1,2021-07-02
1101,C367,2,2,2021-07-01
1102,C368,3,3,2021-06-30
1103,C368,4,4,2021-06-29
1104,C368,5,5,2021-06-28
1105,C369,6,1,2021-06-27
1106,C369,7,2,2021-06-26
1107,C369,8,3,2021-06-25
1108,C370,9,4,2021-06-24
1109,C370,10,5,2021-06-23
1110,C370,11,1,2021-06-22
1111,C371,12,2,2021-06-21
1112,C371,13,3,2021-06-20
1113,C371,14,4,2021-06-19
1114,C372,15,5,2021-06-18
1115,C372,16,1,2021-06-17
1116,C372,17,2,2021-06-16
1117,C373,18,3,2021-06-15
1118,C373,19,4,2021-06-14
1119,C373,20,5,2021-06-13
1120,C374,21,1,2021-06-12
1121,C374,22,2,2021-06-11
1122,C374,23,3,2021-06-10
1123,C375,24,4,2021-06-09
1124,C375,25,5,2021-06-08
1125,C375,26,1,2021-06-07
1126,C376,27,2,2021-06-06
1127,C376,28,3,2021-06-05
1128,C376,29,4,2021-06-04
1129,C377,30,5,2021-06-03
1130,C377,31,1,2021-06-02
1131,C377,32,2,2021-06-01
1132,C378,33,3,2021-05-31
1133,C378,34,4,2021-05-30
1134,C378,35,5,2021-05-29
1135,C379,36,1,2021-05-28
1136,C379,37,2,2021-05-27
1137,C379,38,3,2021-05-26
1138,C380,39,4,2021-05-25
1139,C380,40,5,2021-05-24
1140,C380,41,1,2021-05-23
1141,C381,42,2,2021-05-22
1142,C381,43,3,2021-05-21
1143,C381,44,4,2021-05-20
1144,C382,45,5,2021-05-19
1145,C382,46,1,2021-05-18
1146,C382,47,2,2021-05-17
1147,C383,48,3,2021-05-16
1148,C383,49,4,2021-05-15
1149,C383,50,5,2021-05-14
1150,C384,1,1,2021-05-13
1151,C384,2,2,2021-05-12
1152,C384,3,3,2021-05-11
1153,C385,4,4,2021-05-10
1154,C385,5,5,2021-05-09
1155,C385,6,1,2021-05-08
1156,C386,7,2,2021-05-07
1157,C386,8,3,2021-05-06
1158,C386,9,4,2021-05-05
1159,C387,10,5,2021-05-04
1160,C387,11,1,2021-05-03
1161,C387,12,2,2021-05-02
1162,C388,13,3,2021-05-01
1163,C388,14,4,2021-04-30
1164,C388,15,5,2021-04-29
1165,C389,16,1,2021-04-28
1166,C389,17,2,2021-04-27
1167,C389,18,3,2021-04-26
1168,C390,19,4,2021-04-25
1169,C390,20,5,2021-04-24
1170,C390,21,1,2021-04-23
1171,C391,22,2,2021-04-22
1172,C391,23,3,2021-04-21
1173,C391,24,4,2021-04-20
1174,C392,25,5,2021-04-19
1175,C392,26,1,2021-04-18
1176,C392,27,2,2021-04-17
1177,C393,28,3,2021-04-16
1178,C393,29,4,2021-04-15
1179,C393,30,5,2021-04-14
1180,C394,31,1,2021-04-13
1181,C394,32,2,2021-04-12
1182,C394,33,3,2021-04-11
1183,C395,34,4,2021-04-10
1184,C395,35,5,2021-04-09
1185,C395,36,1,2021-04-08
1186,C396,37,2,2021-04-07
1187,C396,38,3,2021-04-06
1188,C396,39,4,2021-04-05
1189,C397,40,5,2021-04-04
1190,C397,41,1,2021-04-03
1191,C397,42,2,2021-04-02
1192,C398,43,3,2021-04-01
1193,C398,44,4,2021-03-31
1194,C398,45,5,2021-03-30
1195,C399,46,1,2021-03-29
1196,C399,47,2,2021-03-28
1197,C399,48,3,2021-03-27
1198,C400,49,4,2021-03-26
1199,C400,50,5,2021-03-25
1200,C400,1,1,2021-03-24
1201,C401,2,2,2021-03-23
1202,C401,3,3,2021-03-22
1203,C401,4,4,2021-03-21
1204,C402,5,5,2021-03-20
1205,C402,6,1,2021-03-19
1206,C402,7,2,2021-03-18
1207,C403,8,3,2021-03-17
1208,C403,9,4,2021-03-16
1209,C403,10,5,2021-03-15
1210,C404,11,1,2021-03-14
1211,C404,12,2,2021-03-13
1212,C404,13,3,2021-03-12
1213,C405,14,4,2021-03-11
1214,C405,15,5,2021-03-10
1215,C405,16,1,2021-03-09
1216,C406,17,2,2021-03-08
1217,C406,18,3,2021-03-07
1218,C406,19,4,2021-03-06
1219,C407,20,5,2021-03-05
1220,C407,21,1,2021-03-04
1221,C407,22,2,2021-03-03
1222,C408,23,3,2021-03-02
1223,C408,24,4,2021-03-01
1224,C408,25,5,2021-02-28
1225,C409,26,1,2021-02-27
1226,C409,27,2,2021-02-26
1227,C409,28,3,2021-02-25
1228,C410,29,4,2021-02-24
1229,C410,30,5,2021-02-23
1230,C410,31,1,2021-02-22
1231,C411,32,2,2021-02-21
1232,C411,33,3,2021-02-20
1233,C411,34,4,2021-02-19
1234,C412,35,5,2021-02-18
1235,C412,36,1,2021-02-17
1236,C412,37,2,2021-02-16
1237,C413,38,3,2021-02-15
1238,C413,39,4,2021-02-14
1239,C413,40,5,2021-02-13
1240,C414,41,1,2021-02-12
1241,C414,42,2,2021-02-11
1242,C414,43,3,2021-02-10
1243,C415,44,4,2021-02-09
1244,C415,45,5,2021-02-08
1245,C415,46,1,2021-02-07
1246,C416,47,2,2021-02-06
1247,C416,48,3,2021-02-05
1248,C416,49,4,2021-02-04
1249,C417,50,5,2021-02-03
1250,C417,1,1,2021-02-02
1251,C417,2,2,2021-02-01
1252,C418,3,3,2021-01-31
1253,C418,4,4,2021-01-30
1254,C418,5,5,2021-01-29
1255,C419,6,1,2021-01-28
1256,C419,7,2,2021-01-27
1257,C419,8,3,2021-01-26
1258,C420,9,4,2021-01-25
1259,C420,10,5,2021-01-24
1260,C420,11,1,2021-01-23
1261,C421,12,2,2021-01-22
1262,C421,13,3,2021-01-21
1263,C421,14,4,2021-01-20
1264,C422,15,5,2021-01-19
1265,C422,16,1,2021-01-18
1266,C422,17,2,2021-01-17
1267,C423,18,3,2021-01-16
1268,C423,19,4,2021-01-15
1269,C423,20,5,2021-01-14
1270,C424,21,1,2021-01-13
1271,C424,22,2,2021-01-12
1272,C424,23,3,2021-01-11
1273,C425,24,4,2021-01-10
1274,C425,25,5,2021-01-09
1275,C425,26,1,2021-01-08
1276,C426,27,2,2021-01-07
1277,C426,28,3,2021-01-06
1278,C426,29,4,2021-01-05
1279,C427,30,5,2021-01-04
1280,C427,31,1,2021-01-03
1281,C427,32,2,2021-01-02
1282,C428,33,3,2021-01-01
1283,C428,34,4,2020-12-31
1284,C428,35,5,2020-12-30
1285,C429,36,1,2020-12-29
1286,C429,37,2,2020-12-28
1287,C429,38,3,2020-12-27
1288,C430,39,4,2020-12-26
1289,C430,40,5,2020-12-25
1290,C430,41,1,2020-12-24
1291,C431,42,2,2020-12-23
1292,C431,43,3,2020-12-22
1293,C431,44,4,2020-12-21
1294,C432,45,5,2020-12-20
1295,C432,46,1,2020-12-19
1296,C432,47,2,2020-12-18
1297,C433,48,3,2020-12-17
1298,C433,49,4,2020-12-16
1299,C433,50,5,2020-12-15
1300,C434,1,1,2020-12-14
1301,C434,2,2,2020-12-13
1302,C434,3,3,2020-12-12
1303,C435,4,4,2020-12-11
1304,C435,5,5,2020-12-10
1305,C435,6,1,2020-12-09
1306,C436,7,2,2020-12-08
1307,C436,8,3,2020-12-07
1308,C436,9,4,2020-12-06
1309,C437,10,5,2020-12-05
1310,C437,11,1,2020-12-04
1311,C437,12,2,2020-12-03
1312,C438,13,3,2020-12-02
1313,C438,14,4,2020-12-01
1314,C438,15,5,2020-11-30
1315,C439,16,1,2020-11-29
1316,C439,17,2,2020-11-28
1317,C439,18,3,2020-11-27
1318,C440,19,4,2020-11-26
1319,C440,20,5,2020-11-25
1320,C440,21,1,2020-11-24
1321,C441,22,2,2020-11-23
1322,C441,23,3,2020-11-22
1323,C441,24,4,2020-11-21
1324,C442,25,5,2020-11-20
1325,C442,26,1,2020-11-19
1326,C442,27,2,2020-11-18
1327,C443,28,3,2020-11-17
1328,C443,29,4,2020-11-16
1329,C443,30,5,2020-11-15
1330,C444,31,1,2020-11-14
1331,C444,32,2,2020-11-13
1332,C444,33,3,2020-11-12
1333,C445,34,4,2020-11-11
1334,C445,35,5,2020-11-10
1335,C445,36,1,2020-11-09
1336,C446,37,2,2020-11-08
1337,C446,38,3,2020-11-07
1338,C446,39,4,2020-11-06
1339,C447,40,5,2020-11-05
1340,C447,41,1,2020-11-04
1341,C447,42,2,2020-11-03
1342,C448,43,3,2020-11-02
1343,C448,44,4,2020-11-01
1344,C448,45,5,2020-10-31
1345,C449,46,1,2020-10-30
1346,C449,47,2,2020-10-29
1347,C449,48,3,2020-10-28
1348,C450,49,4,2020-10-27
1349,C450,50,5,2020-10-26
1350,C450,1,1,2020-10-25
1351,C451,2,2,2020-10-24
1352,C451,3,3,2020-10-23
1353,C451,4,4,2020-10-22
1354,C452,5,5,2020-10-21
1355,C452,6,1,2020-10-20
1356,C452,7,2,2020-10-19
1357,C453,8,3,2020-10-18
1358,C453,9,4,2020-10-17
1359,C453,10,5,2020-10-16
1360,C454,11,1,2020-10-15
1361,C454,12,2,2020-10-14
1362,C454,13,3,2020-10-13
1363,C455,14,4,2020-10-12
1364,C455,15,5,2020-10-11
1365,C455,16,1,2020-10-10
1366,C456,17,2,2020-10-09
1367,C456,18,3,2020-10-08
1368,C456,19,4,2020-10-07
1369,C457,20,5,2020-10-06
1370,C457,21,1,2020-10-05
1371,C457,22,2,2020-10-04
1372,C458,23,3,2020-10-03
1373,C458,24,4,2020-10-02
1374,C458,25,5,2020-10-01
1375,C459,26,1,2020-09-30
1376,C459,27,2,2020-09-29
1377,C459,28,3,2020-09-28
1378,C460,29,4,2020-09-27
1379,C460,30,5,2020-09-26
1380,C460,31,1,2020-09-25
1381,C461,32,2,2020-09-24
1382,C461,33,3,2020-09-23
1383,C461,34,4,2020-09-22
1384,C462,35,5,2020-09-21
1385,C462,36,1,2020-09-20
1386,C462,37,2,2020-09-19
1387,C463,38,3,2020-09-18
1388,C463,39,4,2020-09-17
1389,C463,40,5,2020-09-16
1390,C464,41,1,2020-09-15
1391,C464,42,2,2020-09-14
1392,C464,43,3,2020-09-13
1393,C465,44,4,2020-09-12
1394,C465,45,5,2020-09-11
1395,C465,46,1,2020-09-10
1396,C466,47,2,2020-09-09
1397,C466,48,3,2020-09-08
1398,C466,49,4,2020-09-07
1399,C467,50,5,2020-09-06
1400,C467,1,1,2020-09-05
1401,C467,2,2,2020-09-04
1402,C468,3,3,2020-09-03
1403,C468,4,4,2020-09-02
1404,C468,5,5,2020-09-01
1405,C469,6,1,2020-08-31
1406,C469,7,2,2020-08-30
1407,C469,8,3,2020-08-29
1408,C470,9,4,2020-08-28
1409,C470,10,5,2020-08-27
1410,C470,11,1,2020-08-26
1411,C471,12,2,2020-08-25
1412,C471,13,3,2020-08-24
1413,C471,14,4,2020-08-23
1414,C472,15,5,2020-08-22
1415,C472,16,1,2020-08-21
1416,C472,17,2,2020-08-20
1417,C473,18,3,2020-08-19
1418,C473,19,4,2020-08-18
1419,C473,20,5,2020-08-17
1420,C474,21,1,2020-08-16
1421,C474,22,2,2020-08-15
1422,C474,23,3,2020-08-14
1423,C475,24,4,2020-08-13
1424,C475,25,5,2020-08-12
1425,C475,26,1,2020-08-11
1426,C476,27,2,2020-08-10
1427,C476,28,3,2020-08-09
1428,C476,29,4,2020-08-08
1429,C477,30,5,2020-08-07
1430,C477,31,1,2020-08-06
1431,C477,32,2,2020-08-05
1432,C478,33,3,2020-08-04
1433,C478,34,4,2020-08-03
1434,C478,35,5,2020-08-02
1435,C479,36,1,2020-08-01
1436,C479,37,2,2020-07-31
1437,C479,38,3,2020-07-30
1438,C480,39,4,2020-07-29
1439,C480,40,5,2020-07-28
1440,C480,41,1,2020-07-27
1441,C481,42,2,2020-07-26
1442,C481,43,3,2020-07-25
1443,C481,44,4,2020-07-24
1444,C482,45,5,2020-07-23
1445,C482,46,1,2020-07-22
1446,C482,47,2,2020-07-21
1447,C483,48,3,2020-07-20
1448,C483,49,4,2020-07-19
1449,C483,50,5,2020-07-18
1450,C484,1,1,2020-07-17
1451,C484,2,2,2020-07-16
1452,C484,3,3,2020-07-15
1453,C485,4,4,2020-07-14
1454,C485,5,5,2020-07-13
1455,C485,6,1,2020-07-12
1456,C486,7,2,2020-07-11
1457,C486,8,3,2020-07-10
1458,C486,9,4,2020-07-09
1459,C487,10,5,2020-07-08
1460,C487,11,1,2020-07-07
1461,C487,12,2,2020-07-06
1462,C488,13,3,2020-07-05
1463,C488,14,4,2020-07-04
1464,C488,15,5,2020-07-03
1465,C489,16,1,2020-07-02
1466,C489,17,2,2020-07-01
1467,C489,18,3,2020-06-30
1468,C490,19,4,2020-06-29
1469,C490,20,5,2020-06-28
1470,C490,21,1,2020-06-27
1471,C491,22,2,2020-06-26
1472,C491,23,3,2020-06-25
1473,C491,24,4,2020-06-24
1474,C492,25,5,2020-06-23
1475,C492,26,1,2020-06-22
1476,C492,27,2,2020-06-21
1477,C493,28,3,2020-06-20
1478,C493,29,4,2020-06-19
1479,C493,30,5,2020-06-18
1480,C494,31,1,2020-06-17
1481,C494,32,2,2020-06-16
1482,C494,33,3,2020-06-15
1483,C495,34,4,2020-06-14
1484,C495,35,5,2020-06-13
1485,C495,36,1,2020-06-12
1486,C496,37,2,2020-06-11
1487,C496,38,3,2020-06-10
1488,C496,39,4,2020-06-09
1489,C497,40,5,2020-06-08
1490,C497,41,1,2020-06-07
1491,C497,42,2,2020-06-06
1492,C498,43,3,2020-06-05
1493,C498,44,4,2020-06-04
1494,C498,45,5,2020-06-03
1495,C499,46,1,2020-06-02
1496,C499,47,2,2020-06-01
1497,C499,48,3,2020-05-31
1498,C500,49,4,2020-05-30
1499,C500,50,5,2020-05-29
1500,C500,1,1,2020-05-28
1501,C501,2,2,2020-05-27
1502,C501,3,3,2020-05-26
1503,C501,4,4,2020-05-25
1504,C502,5,5,2020-05-24
1505,C502,6,1,2020-05-23
1506,C502,7,2,2020-05-22
1507,C503,8,3,2020-05-21
1508,C503,9,4,2020-05-20
1509,C503,10,5,2020-05-19
1510,C504,11,1,2020-05-18
1511,C504,12,2,2020-05-17
1512,C504,13,3,2020-05-16
1513,C505,14,4,2020-05-15
1514,C505,15,5,2020-05-14
1515,C505,16,1,2020-05-13
1516,C506,17,2,2020-05-12
1517,C506,18,3,2020-05-11
1518,C506,19,4,2020-05-10
1519,C507,20,5,2020-05-09
1520,C507,21,1,2020-05-08
1521,C507,22,2,2020-05-07
1522,C508,23,3,2020-05-06
1523,C508,24,4,2020-05-05
1524,C508,25,5,2020-05-04
1525,C509,26,1,2020-05-03
1526,C509,27,2,2020-05-02
1527,C509,28,3,2020-05-01
1528,C510,29,4,2020-04-30
1529,C510,30,5,2020-04-29
1530,C510,31,1,2020-04-28
1531,C511,32,2,2020-04-27
1532,C511,33,3,2020-04-26
1533,C511,34,4,2020-04-25
1534,C512,35,5,2020-04-24
1535,C512,36,1,2020-04-23
1536,C512,37,2,2020-04-22
1537,C513,38,3,2020-04-21
1538,C513,39,4,2020-04-20
1539,C513,40,5,2020-04-19
1540,C514,41,1,2020-04-18
1541,C514,42,2,2020-04-17
1542,C514,43,3,2020-04-16
1543,C515,44,4,2020-04-15
1544,C515,45,5,2020-04-14
1545,C515,46,1,2020-04-13
1546,C516,47,2,2020-04-12
1547,C516,48,3,2020-04-11
1548,C516,49,4,2020-04-10
1549,C517,50,5,2020-04-09
1550,C517,1,1,2020-04-08
1551,C517,2,2,2020-04-07
1552,C518,3,3,2020-04-06
1553,C518,4,4,2020-04-05
1554,C518,5,5,2020-04-04
1555,C519,6,1,2020-04-03
1556,C519,7,2,2020-04-02
1557,C519,8,3,2020-04-01
1558,C520,9,4,2020-03-31
1559,C520,10,5,2020-03-30
1560,C520,11,1,2020-03-29
1561,C521,12,2,2020-03-28
1562,C521,13,3,2020-03-27
1563,C521,14,4,2020-03-26
1564,C522,15,5,2020-03-25
1565,C522,16,1,2020-03-24
1566,C522,17,2,2020-03-23
1567,C523,18,3,2020-03-22
1568,C523,19,4,2020-03-21
1569,C523,20,5,2020-03-20
1570,C524,21,1,2020-03-19
1571,C524,22,2,2020-03-18
1572,C524,23,3,2020-03-17
1573,C525,24,4,2020-03-16
1574,C525,25,5,2020-03-15
1575,C525,26,1,2020-03-14
1576,C526,27,2,2020-03-13
1577,C526,28,3,2020-03-12
1578,C526,29,4,2020-03-11
1579,C527,30,5,2020-03-10
1580,C527,31,1,2020-03-09
1581,C527,32,2,2020-03-08
1582,C528,33,3,2020-03-07
1583,C528,34,4,2020-03-06
1584,C528,35,5,2020-03-05
1585,C529,36,1,2020-03-04
1586,C529,37,2,2020-03-03
1587,C529,38,3,2020-03-02
1588,C530,39,4,2020-03-01
1589,C530,40,5,2020-02-29
1590,C530,41,1,2020-02-28
1591,C531,42,2,2020-02-27
1592,C531,43,3,2020-02-26
1593,C531,44,4,2020-02-25
1594,C532,45,5,2020-02-24
1595,C532,46,1,2020-02-23
1596,C532,47,2,2020-02-22
1597,C533,48,3,2020-02-21
1598,C533,49,4,2020-02-20
1599,C533,50,5,2020-02-19
1600,C534,1,1,2020-02-18
1601,C534,2,2,2020-02-17
1602,C534,3,3,2020-02-16
1603,C535,4,4,2020-02-15
1604,C535,5,5,2020-02-14
1605,C535,6,1,2020-02-13
1606,C536,7,2,2020-02-12
1607,C536,8,3,2020-02-11
1608,C536,9,4,2020-02-10
1609,C537,10,5,2020-02-09
1610,C537,11,1,2020-02-08
1611,C537,12,2,2020-02-07
1612,C538,13,3,2020-02-06
1613,C538,14,4,2020-02-05
1614,C538,15,5,2020-02-04
1615,C539,16,1,2020-02-03
1616,C539,17,2,2020-02-02
1617,C539,18,3,2020-02-01
1618,C540,19,4,2020-01-31
1619,C540,20,5,2020-01-30
1620,C540,21,1,2020-01-29
1621,C541,22,2,2020-01-28
1622,C541,23,3,2020-01-27
1623,C541,24,4,2020-01-26
1624,C542,25,5,2020-01-25
1625,C542,26,1,2020-01-24
1626,C542,27,2,2020-01-23
1627,C543,28,3,2020-01-22
1628,C543,29,4,2020-01-21
1629,C543,30,5,2020-01-20
1630,C544,31,1,2020-01-19
1631,C544,32,2,2020-01-18
1632,C544,33,3,2020-01-17
1633,C545,34,4,2020-01-16
1634,C545,35,5,2020-01-15
1635,C545,36,1,2020-01-14
1636,C546,37,2,2020-01-13
1637,C546,38,3,2020-01-12
1638,C546,39,4,2020-01-11
1639,C547,40,5,2020-01-10
1640,C547,41,1,2020-01-09
1641,C547,42,2,2020-01-08
1642,C548,43,3,2020-01-07
1643,C548,44,4,2020-01-06
1644,C548,45,5,2020-01-05
1645,C549,46,1,2020-01-04
1646,C549,47,2,2020-01-03
1647,C549,48,3,2020-01-02
1648,C550,49,4,2020-01-01
1649,C550,50,5,2019-12-31
1650,C550,1,1,2019-12-30
1651,C551,2,2,2019-12-29
1652,C551,3,3,2019-12-28
1653,C551,4,4,2019-12-27
1654,C552,5,5,2019-12-26
1655,C552,6,1,2019-12-25
1656,C552,7,2,2019-12-24
1657,C553,8,3,2019-12-23
1658,C553,9,4,2019-12-22
1659,C553,10,5,2019-12-21
1660,C554,11,1,2019-12-20
1661,C554,12,2,2019-12-19
1662,C554,13,3,2019-12-18
1663,C555,14,4,2019-12-17
1664,C555,15,5,2019-12-16
1665,C555,16,1,2019-12-15
1666,C556,17,2,2019-12-14
1667,C556,18,3,2019-12-13
1668,C556,19,4,2019-12-12
1669,C557,20,5,2019-12-11
1670,C557,21,1,2019-12-10
1671,C557,22,2,2019-12-09
1672,C558,23,3,2019-12-08
1673,C558,24,4,2019-12-07
1674,C558,25,5,2019-12-06
1675,C559,26,1,2019-12-05
1676,C559,27,2,2019-12-04
1677,C559,28,3,2019-12-03
1678,C560,29,4,2019-12-02
1679,C560,30,5,2019-12-01
1680,C560,31,1,2019-11-30
1681,C561,32,2,2019-11-29
1682,C561,33,3,2019-11-28
1683,C561,34,4,2019-11-27
1684,C562,35,5,2019-11-26
1685,C562,36,1,2019-11-25
1686,C562,37,2,2019-11-24
1687,C563,38,3,2019-11-23
1688,C563,39,4,2019-11-22
1689,C563,40,5,2019-11-21
1690,C564,41,1,2019-11-20
1691,C564,42,2,2019-11-19
1692,C564,43,3,2019-11-18
1693,C565,44,4,2019-11-17
1694,C565,45,5,2019-11-16
1695,C565,46,1,2019-11-15
1696,C566,47,2,2019-11-14
1697,C566,48,3,2019-11-13
1698,C566,49,4,2019-11-12
1699,C567,50,5,2019-11-11
1700,C567,1,1,2019-11-10
1701,C567,2,2,2019-11-09
1702,C568,3,3,2019-11-08
1703,C568,4,4,2019-11-07
1704,C568,5,5,2019-11-06
1705,C569,6,1,2019-11-05
1706,C569,7,2,2019-11-04
1707,C569,8,3,2019-11-03
1708,C570,9,4,2019-11-02
1709,C570,10,5,2019-11-01
1710,C570,11,1,2019-10-31
1711,C571,12,2,2019-10-30
1712,C571,13,3,2019-10-29
1713,C571,14,4,2019-10-28
1714,C572,15,5,2019-10-27
1715,C572,16,1,2019-10-26
1716,C572,17,2,2019-10-25
1717,C573,18,3,2019-10-24
1718,C573,19,4,2019-10-23
1719,C573,20,5,2019-10-22
1720,C574,21,1,2019-10-21
1721,C574,22,2,2019-10-20
1722,C574,23,3,2019-10-19
1723,C575,24,4,2019-10-18
1724,C575,25,5,2019-10-17
1725,C575,26,1,2019-10-16
1726,C576,27,2,2019-10-15
1727,C576,28,3,2019-10-14
1728,C576,29,4,2019-10-13
1729,C577,30,5,2019-10-12
1730,C577,31,1,2019-10-11
1731,C577,32,2,2019-10-10
1732,C578,33,3,2019-10-09
1733,C578,34,4,2019-10-08
1734,C578,35,5,2019-10-07
1735,C579,36,1,2019-10-06
1736,C579,37,2,2019-10-05
1737,C579,38,3,2019-10-04
1738,C580,39,4,2019-10-03
1739,C580,40,5,2019-10-02
1740,C580,41,1,2019-10-01
1741,C581,42,2,2019-09-30
1742,C581,43,3,2019-09-29
1743,C581,44,4,2019-09-28
1744,C582,45,5,2019-09-27
1745,C582,46,1,2019-09-26
1746,C582,47,2,2019-09-25
1747,C583,48,3,2019-09-24
1748,C583,49,4,2019-09-23
1749,C583,50,5,2019-09-22
1750,C584,1,1,2019-09-21
1751,C584,2,2,2019-09-20
1752,C584,3,3,2019-09-19
1753,C585,4,4,2019-09-18
1754,C585,5,5,2019-09-17
1755,C585,6,1,2019-09-16
1756,C586,7,2,2019-09-15
1757,C586,8,3,2019-09-14
1758,C586,9,4,2019-09-13
1759,C587,10,5,2019-09-12
1760,C587,11,1,2019-09-11
1761,C587,12,2,2019-09-10
1762,C588,13,3,2019-09-09
1763,C588,14,4,2019-09-08
1764,C588,15,5,2019-09-07
1765,C589,16,1,2019-09-06
1766,C589,17,2,2019-09-05
1767,C589,18,3,2019-09-04
1768,C590,19,4,2019-09-03
1769,C590,20,5,2019-09-02
1770,C590,21,1,2019-09-01
1771,C591,22,2,2019-08-31
1772,C591,23,3,2019-08-30
1773,C591,24,4,2019-08-29
1774,C592,25,5,2019-08-28
1775,C592,26,1,2019-08-27
1776,C592,27,2,2019-08-26
1777,C593,28,3,2019-08-25
1778,C593,29,4,2019-08-24
1779,C593,30,5,2019-08-23
1780,C594,31,1,2019-08-22
1781,C594,32,2,2019-08-21
1782,C594,33,3,2019-08-20
1783,C595,34,4,2019-08-19
1784,C595,35,5,2019-08-18
1785,C595,36,1,2019-08-17
1786,C596,37,2,2019-08-16
1787,C596,38,3,2019-08-15
1788,C596,39,4,2019-08-14
1789,C597,40,5,2019-08-13
1790,C597,41,1,2019-08-12
1791,C597,42,2,2019-08-11
1792,C598,43,3,2019-08-10
1793,C598,44,4,2019-08-09
1794,C598,45,5,2019-08-08
1795,C599,46,1,2019-08-07
1796,C599,47,2,2019-08-06
1797,C599,48,3,2019-08-05
1798,C600,49,4,2019-08-04
1799,C600,50,5,2019-08-03
1800,C600,1,1,2019-08-02
1801,C601,2,2,2019-08-01
1802,C601,3,3,2019-07-31
1803,C601,4,4,2019-07-30
1804,C602,5,5,2019-07-29
1805,C602,6,1,2019-07-28
1806,C602,7,2,2019-07-27
1807,C603,8,3,2019-07-26
1808,C603,9,4,2019-07-25
1809,C603,10,5,2019-07-24
1810,C604,11,1,2019-07-23
1811,C604,12,2,2019-07-22
1812,C604,13,3,2019-07-21
1813,C605,14,4,2019-07-20
1814,C605,15,5,2019-07-19
1815,C605,16,1,2019-07-18
1816,C606,17,2,2019-07-17
1817,C606,18,3,2019-07-16
1818,C606,19,4,2019-07-15
1819,C607,20,5,2019-07-14
1820,C607,21,1,2019-07-13
1821,C607,22,2,2019-07-12
1822,C608,23,3,2019-07-11
1823,C608,24,4,2019-07-10
1824,C608,25,5,2019-07-09
1825,C609,26,1,2019-07-08
1826,C609,27,2,2019-07-07
1827,C609,28,3,2019-07-06
1828,C610,29,4,2019-07-05
1829,C610,30,5,2019-07-04
1830,C610,31,1,2019-07-03
1831,C611,32,2,2019-07-02
1832,C611,33,3,2019-07-01
1833,C611,34,4,2019-06-30
1834,C612,35,5,2019-06-29
1835,C612,36,1,2019-06-28
1836,C612,37,2,2019-06-27
1837,C613,38,3,2019-06-26
1838,C613,39,4,2019-06-25
1839,C613,40,5,2019-06-24
1840,C614,41,1,2019-06-23
1841,C614,42,2,2019-06-22
1842,C614,43,3,2019-06-21
1843,C615,44,4,2019-06-20
1844,C615,45,5,2019-06-19
1845,C615,46,1,2019-06-18
1846,C616,47,2,2019-06-17
1847,C616,48,3,2019-06-16
1848,C616,49,4,2019-06-15
1849,C617,50,5,2019-06-14
1850,C617,1,1,2019-06-13
1851,C617,2,2,2019-06-12
1852,C618,3,3,2019-06-11
1853,C618,4,4,2019-06-10
1854,C618,5,5,2019-06-09
1855,C619,6,1,2019-06-08
1856,C619,7,2,2019-06-07
1857,C619,8,3,2019-06-06
1858,C620,9,4,2019-06-05
1859,C620,10,5,2019-06-04
1860,C620,11,1,2019-06-03
1861,C621,12,2,2019-06-02
1862,C621,13,3,2019-06-01
1863,C621,14,4,2019-05-31
1864,C622,15,5,2019-05-30
1865,C622,16,1,2019-05-29
1866,C622,17,2,2019-05-28
1867,C623,18,3,2019-05-27
1868,C623,19,4,2019-05-26
1869,C623,20,5,2019-05-25
1870,C624,21,1,2019-05-24
1871,C624,22,2,2019-05-23
1872,C624,23,3,2019-05-22
1873,C625,24,4,2019-05-21
1874,C625,25,5,2019-05-20
1875,C625,26,1,2019-05-19
1876,C626,27,2,2019-05-18
1877,C626,28,3,2019-05-17
1878,C626,29,4,2019-05-16
1879,C627,30,5,2019-05-15
1880,C627,31,1,2019-05-14
1881,C627,32,2,2019-05-13
1882,C628,33,3,2019-05-12
1883,C628,34,4,2019-05-11
1884,C628,35,5,2019-05-10
1885,C629,36,1,2019-05-09
1886,C629,37,2,2019-05-08
1887,C629,38,3,2019-05-07
1888,C630,39,4,2019-05-06
1889,C630,40,5,2019-05-05
1890,C630,41,1,2019-05-04
1891,C631,42,2,2019-05-03
1892,C631,43,3,2019-05-02
1893,C631,44,4,2019-05-01
1894,C632,45,5,2019-04-30
1895,C632,46,1,2019-04-29
1896,C632,47,2,2019-04-28
1897,C633,48,3,2019-04-27
1898,C633,49,4,2019-04-26
1899,C633,50,5,2019-04-25
1900,C634,1,1,2019-04-24
1901,C634,2,2,2019-04-23
1902,C634,3,3,2019-04-22
1903,C635,4,4,2019-04-21
1904,C635,5,5,2019-04-20
1905,C635,6,1,2019-04-19
1906,C636,7,2,2019-04-18
1907,C636,8,3,2019-04-17
1908,C636,9,4,2019-04-16
1909,C637,10,5,2019-04-15
1910,C637,11,1,2019-04-14
1911,C637,12,2,2019-04-13
1912,C638,13,3,2019-04-12
1913,C638,14,4,2019-04-11
1914,C638,15,5,2019-04-10
1915,C639,16,1,2019-04-09
1916,C639,17,2,2019-04-08
1917,C639,18,3,2019-04-07
1918,C640,19,4,2019-04-06
1919,C640,20,5,2019-04-05
1920,C640,21,1,2019-04-04
1921,C641,22,2,2019-04-03
1922,C641,23,3,2019-04-02
1923,C641,24,4,2019-04-01
1924,C642,25,5,2019-03-31
1925,C642,26,1,2019-03-30
1926,C642,27,2,2019-03-29
1927,C643,28,3,2019-03-28
1928,C643,29,4,2019-03-27
1929,C643,30,5,2019-03-26
1930,C644,31,1,2019-03-25
1931,C644,32,2,2019-03-24
1932,C644,33,3,2019-03-23
1933,C645,34,4,2019-03-22
1934,C645,35,5,2019-03-21
1935,C645,36,1,2019-03-20
1936,C646,37,2,2019-03-19
1937,C646,38,3,2019-03-18
1938,C646,39,4,2019-03-17
1939,C647,40,5,2019-03-16
1940,C647,41,1,2019-03-15
1941,C647,42,2,2019-03-14
1942,C648,43,3,2019-03-13
1943,C648,44,4,2019-03-12
1944,C648,45,5,2019-03-11
1945,C649,46,1,2019-03-10
1946,C649,47,2,2019-03-09
1947,C649,48,3,2019-03-08
1948,C650,49,4,2019-03-07
1949,C650,50,5,2019-03-06
1950,C650,1,1,2019-03-05
1951,C651,2,2,2019-03-04
1952,C651,3,3,2019-03-03
1953,C651,4,4,2019-03-02
1954,C652,5,5,2019-03-01
1955,C652,6,1,2019-02-28
1956,C652,7,2,2019-02-27
1957,C653,8,3,2019-02-26
1958,C653,9,4,2019-02-25
1959,C653,10,5,2019-02-24
1960,C654,11,1,2019-02-23
1961,C654,12,2,2019-02-22
1962,C654,13,3,2019-02-21
1963,C655,14,4,2019-02-20
1964,C655,15,5,2019-02-19
1965,C655,16,1,2019-02-18
1966,C656,17,2,2019-02-17
1967,C656,18,3,2019-02-16
1968,C656,19,4,2019-02-15
1969,C657,20,5,2019-02-14
1970,C657,21,1,2019-02-13
1971,C657,22,2,2019-02-12
1972,C658,23,3,2019-02-11
1973,C658,24,4,2019-02-10
1974,C658,25,5,2019-02-09
1975,C659,26,1,2019-02-08
1976,C659,27,2,2019-02-07
1977,C659,28,3,2019-02-06
1978,C660,29,4,2019-02-05
1979,C660,30,5,2019-02-04
1980,C660,31,1,2019-02-03
1981,C661,32,2,2019-02-02
1982,C661,33,3,2019-02-01
1983,C661,34,4,2019-01-31
1984,C662,35,5,2019-01-30
1985,C662,36,1,2019-01-29
1986,C662,37,2,2019-01-28
1987,C663,38,3,2019-01-27
1988,C663,39,4,2019-01-26
1989,C663,40,5,2019-01-25
1990,C664,41,1,2019-01-24
1991,C664,42,2,2019-01-23
1992,C664,43,3,2019-01-22
1993,C665,44,4,2019-01-21
1994,C665,45,5,2019-01-20
1995,C665,46,1,2019-01-19
1996,C666,47,2,2019-01-18
1997,C666,48,3,2019-01-17
1998,C666,49,4,2019-01-16
1999,C667,50,5,2019-01-15
2000,C667,1,1,2019-01-14
2001,C667,2,2,2019-01-13
2002,C668,3,3,2019-01-12
2003,C668,4,4,2019-01-11
2004,C668,5,5,2019-01-10
2005,C669,6,1,2019-01-09
2006,C669,7,2,2019-01-08
2007,C669,8,3,2019-01-07
2008,C670,9,4,2019-01-06
2009,C670,10,5,2019-01-05
2010,C670,11,1,2019-01-04
2011,C671,12,2,2019-01-03
2012,C671,13,3,2019-01-02
2013,C671,14,4,2019-01-01
2014,C672,15,5,2018-12-31
2015,C672,16,1,2018-12-30
2016,C672,17,2,2018-12-29
2017,C673,18,3,2018-12-28
2018,C673,19,4,2018-12-27
2019,C673,20,5,2018-12-26
2020,C674,21,1,2018-12-25
2021,C674,22,2,2018-12-24
2022,C674,23,3,2018-12-23
2023,C675,24,4,2018-12-22
2024,C675,25,5,2018-12-21
2025,C675,26,1,2018-12-20
2026,C676,27,2,2018-12-19
2027,C676,28,3,2018-12-18
2028,C676,29,4,2018-12-17
2029,C677,30,5,2018-12-16
2030,C677,31,1,2018-12-15
2031,C677,32,2,2018-12-14
2032,C678,33,3,2018-12-13
2033,C678,34,4,2018-12-12
2034,C678,35,5,2018-12-11
2035,C679,36,1,2018-12-10
2036,C679,37,2,2018-12-09
2037,C679,38,3,2018-12-08
2038,C680,39,4,2018-12-07
2039,C680,40,5,2018-12-06
2040,C680,41,1,2018-12-05
2041,C681,42,2,2018-12-04
2042,C681,43,3,2018-12-03
2043,C681,44,4,2018-12-02
2044,C682,45,5,2018-12-01
2045,C682,46,1,2018-11-30
2046,C682,47,2,2018-11-29
2047,C683,48,3,2018-11-28
2048,C683,49,4,2018-11-27
2049,C683,50,5,2018-11-26
2050,C684,1,1,2018-11-25
2051,C684,2,2,2018-11-24
2052,C684,3,3,2018-11-23
2053,C685,4,4,2018-11-22
2054,C685,5,5,2018-11-21
2055,C685,6,1,2018-11-20
2056,C686,7,2,2018-11-19
2057,C686,8,3,2018-11-18
2058,C686,9,4,2018-11-17
2059,C687,10,5,2018-11-16
2060,C687,11,1,2018-11-15
2061,C687,12,2,2018-11-14
2062,C688,13,3,2018-11-13
2063,C688,14,4,2018-11-12
2064,C688,15,5,2018-11-11
2065,C689,16,1,2018-11-10
2066,C689,17,2,2018-11-09
2067,C689,18,3,2018-11-08
2068,C690,19,4,2018-11-07
2069,C690,20,5,2018-11-06
2070,C690,21,1,2018-11-05
2071,C691,22,2,2018-11-04
2072,C691,23,3,2018-11-03
2073,C691,24,4,2018-11-02
2074,C692,25,5,2018-11-01
2075,C692,26,1,2018-10-31
2076,C692,27,2,2018-10-30
2077,C693,28,3,2018-10-29
2078,C693,29,4,2018-10-28
2079,C693,30,5,2018-10-27
2080,C694,31,1,2018-10-26
2081,C694,32,2,2018-10-25
2082,C694,33,3,2018-10-24
2083,C695,34,4,2018-10-23
2084,C695,35,5,2018-10-22
2085,C695,36,1,2018-10-21
2086,C696,37,2,2018-10-20
2087,C696,38,3,2018-10-19
2088,C696,39,4,2018-10-18
2089,C697,40,5,2018-10-17
2090,C697,41,1,2018-10-16
2091,C697,42,2,2018-10-15
2092,C698,43,3,2018-10-14
2093,C698,44,4,2018-10-13
2094,C698,45,5,2018-10-12
2095,C699,46,1,2018-10-11
2096,C699,47,2,2018-10-10
2097,C699,48,3,2018-10-09
2098,C700,49,4,2018-10-08
2099,C700,50,5,2018-10-07
2100,C700,1,1,2018-10-06
2101,C701,2,2,2018-10-05
2102,C701,3,3,2018-10-04
2103,C701,4,4,2018-10-03
2104,C702,5,5,2018-10-02
2105,C702,6,1,2018-10-01
2106,C702,7,2,2018-09-30
2107,C703,8,3,2018-09-29
2108,C703,9,4,2018-09-28
2109,C703,10,5,2018-09-27
2110,C704,11,1,2018-09-26
2111,C704,12,2,2018-09-25
2112,C704,13,3,2018-09-24
2113,C705,14,4,2018-09-23
2114,C705,15,5,2018-09-22
2115,C705,16,1,2018-09-21
2116,C706,17,2,2018-09-20
2117,C706,18,3,2018-09-19
2118,C706,19,4,2018-09-18
2119,C707,20,5,2018-09-17
2120,C707,21,1,2018-09-16
2121,C707,22,2,2018-09-15
2122,C708,23,3,2018-09-14
2123,C708,24,4,2018-09-13
2124,C708,25,5,2018-09-12
2125,C709,26,1,2018-09-11
2126,C709,27,2,2018-09-10
2127,C709,28,3,2018-09-09
2128,C710,29,4,2018-09-08
2129,C710,30,5,2018-09-07
2130,C710,31,1,2018-09-06
2131,C711,32,2,2018-09-05
2132,C711,33,3,2018-09-04
2133,C711,34,4,2018-09-03
2134,C712,35,5,2018-09-02
2135,C712,36,1,2018-09-01
2136,C712,37,2,2018-08-31
2137,C713,38,3,2018-08-30
2138,C713,39,4,2018-08-29
2139,C713,40,5,2018-08-28
2140,C714,41,1,2018-08-27
2141,C714,42,2,2018-08-26
2142,C714,43,3,2018-08-25
2143,C715,44,4,2018-08-24
2144,C715,45,5,2018-08-23
2145,C715,46,1,2018-08-22
2146,C716,47,2,2018-08-21
2147,C716,48,3,2018-08-20
2148,C716,49,4,2018-08-19
2149,C717,50,5,2018-08-18
2150,C717,1,1,2018-08-17
2151,C717,2,2,2018-08-16
2152,C718,3,3,2018-08-15
2153,C718,4,4,2018-08-14
2154,C718,5,5,2018-08-13
2155,C719,6,1,2018-08-12
2156,C719,7,2,2018-08-11
2157,C719,8,3,2018-08-10
2158,C720,9,4,2018-08-09
2159,C720,10,5,2018-08-08
2160,C720,11,1,2018-08-07
2161,C721,12,2,2018-08-06
2162,C721,13,3,2018-08-05
2163,C721,14,4,2018-08-04
2164,C722,15,5,2018-08-03
2165,C722,16,1,2018-08-02
2166,C722,17,2,2018-08-01
2167,C723,18,3,2018-07-31
2168,C723,19,4,2018-07-30
2169,C723,20,5,2018-07-29
2170,C724,21,1,2018-07-28
2171,C724,22,2,2018-07-27
2172,C724,23,3,2018-07-26
2173,C725,24,4,2018-07-25
2174,C725,25,5,2018-07-24
2175,C725,26,1,2018-07-23
2176,C726,27,2,2018-07-22
2177,C726,28,3,2018-07-21
2178,C726,29,4,2018-07-20
2179,C727,30,5,2018-07-19
2180,C727,31,1,2018-07-18
2181,C727,32,2,2018-07-17
2182,C728,33,3,2018-07-16
2183,C728,34,4,2018-07-15
2184,C728,35,5,2018-07-14
2185,C729,36,1,2018-07-13
2186,C729,37,2,2018-07-12
2187,C729,38,3,2018-07-11
2188,C730,39,4,2018-07-10
2189,C730,40,5,2018-07-09
2190,C730,41,1,2018-07-08
2191,C731,42,2,2018-07-07
2192,C731,43,3,2018-07-06
2193,C731,44,4,2018-07-05
2194,C732,45,5,2018-07-04
2195,C732,46,1,2018-07-03
2196,C732,47,2,2018-07-02
2197,C733,48,3,2018-07-01
2198,C733,49,4,2018-06-30
2199,C733,50,5,2018-06-29
2200,C734,1,1,2018-06-28
2201,C734,2,2,2018-06-27
2202,C734,3,3,2018-06-26
2203,C735,4,4,2018-06-25
2204,C735,5,5,2018-06-24
2205,C735,6,1,2018-06-23
2206,C736,7,2,2018-06-22
2207,C736,8,3,2018-06-21
2208,C736,9,4,2018-06-20
2209,C737,10,5,2018-06-19
2210,C737,11,1,2018-06-18
2211,C737,12,2,2018-06-17
2212,C738,13,3,2018-06-16
2213,C738,14,4,2018-06-15
2214,C738,15,5,2018-06-14
2215,C739,16,1,2018-06-13
2216,C739,17,2,2018-06-12
2217,C739,18,3,2018-06-11
2218,C740,19,4,2018-06-10
2219,C740,20,5,2018-06-09
2220,C740,21,1,2018-06-08
2221,C741,22,2,2018-06-07
2222,C741,23,3,2018-06-06
2223,C741,24,4,2018-06-05
2224,C742,25,5,2018-06-04
2225,C742,26,1,2018-06-03
2226,C742,27,2,2018-06-02
2227,C743,28,3,2018-06-01
2228,C743,29,4,2018-05-31
2229,C743,30,5,2018-05-30
2230,C744,31,1,2018-05-29
2231,C744,32,2,2018-05-28
2232,C744,33,3,2018-05-27
2233,C745,34,4,2018-05-26
2234,C745,35,5,2018-05-25
2235,C745,36,1,2018-05-24
2236,C746,37,2,2018-05-23
2237,C746,38,3,2018-05-22
2238,C746,39,4,2018-05-21
2239,C747,40,5,2018-05-20
2240,C747,41,1,2018-05-19
2241,C747,42,2,2018-05-18
2242,C748,43,3,2018-05-17
2243,C748,44,4,2018-05-16
2244,C748,45,5,2018-05-15
2245,C749,46,1,2018-05-14
2246,C749,47,2,2018-05-13
2247,C749,48,3,2018-05-12
2248,C750,49,4,2018-05-11
2249,C750,50,5,2018-05-10
2250,C750,1,1,2018-05-09
2251,C751,2,2,2018-05-08
2252,C751,3,3,2018-05-07
2253,C751,4,4,2018-05-06
2254,C752,5,5,2018-05-05
2255,C752,6,1,2018-05-04
2256,C752,7,2,2018-05-03
2257,C753,8,3,2018-05-02
2258,C753,9,4,2018-05-01
2259,C753,10,5,2018-04-30
2260,C754,11,1,2018-04-29
2261,C754,12,2,2018-04-28
2262,C754,13,3,2018-04-27
2263,C755,14,4,2018-04-26
2264,C755,15,5,2018-04-25
2265,C755,16,1,2018-04-24
2266,C756,17,2,2018-04-23
2267,C756,18,3,2018-04-22
2268,C756,19,4,2018-04-21
2269,C757,20,5,2018-04-20
2270,C757,21,1,2018-04-19
2271,C757,22,2,2018-04-18
2272,C758,23,3,2018-04-17
2273,C758,24,4,2018-04-16
2274,C758,25,5,2018-04-15
2275,C759,26,1,2018-04-14
2276,C759,27,2,2018-04-13
2277,C759,28,3,2018-04-12
2278,C760,29,4,2018-04-11
2279,C760,30,5,2018-04-10
2280,C760,31,1,2018-04-09
2281,C761,32,2,2018-04-08
2282,C761,33,3,2018-04-07
2283,C761,34,4,2018-04-06
2284,C762,35,5,2018-04-05
2285,C762,36,1,2018-04-04
2286,C762,37,2,2018-04-03
2287,C763,38,3,2018-04-02
2288,C763,39,4,2018-04-01
2289,C763,40,5,2018-03-31
2290,C764,41,1,2018-03-30
2291,C764,42,2,2018-03-29
2292,C764,43,3,2018-03-28
2293,C765,44,4,2018-03-27
2294,C765,45,5,2018-03-26
2295,C765,46,1,2018-03-25
2296,C766,47,2,2018-03-24
2297,C766,48,3,2018-03-23
2298,C766,49,4,2018-03-22
2299,C767,50,5,2018-03-21
2300,C767,1,1,2018-03-20
2301,C767,2,2,2018-03-19
2302,C768,3,3,2018-03-18
2303,C768,4,4,2018-03-17
2304,C768,5,5,2018-03-16
2305,C769,6,1,2018-03-15
2306,C769,7,2,2018-03-14
2307,C769,8,3,2018-03-13
2308,C770,9,4,2018-03-12
2309,C770,10,5,2018-03-11
2310,C770,11,1,2018-03-10
2311,C771,12,2,2018-03-09
2312,C771,13,3,2018-03-08
2313,C771,14,4,2018-03-07
2314,C772,15,5,2018-03-06
2315,C772,16,1,2018-03-05
2316,C772,17,2,2018-03-04
2317,C773,18,3,2018-03-03
2318,C773,19,4,2018-03-02
2319,C773,20,5,2018-03-01
2320,C774,21,1,2018-02-28
2321,C774,22,2,2018-02-27
2322,C774,23,3,2018-02-26
2323,C775,24,4,2018-02-25
2324,C775,25,5,2018-02-24
2325,C775,26,1,2018-02-23
2326,C776,27,2,2018-02-22
2327,C776,28,3,2018-02-21
2328,C776,29,4,2018-02-20
2329,C777,30,5,2018-02-19
2330,C777,31,1,2018-02-18
2331,C777,32,2,2018-02-17
2332,C778,33,3,2018-02-16
2333,C778,34,4,2018-02-15
2334,C778,35,5,2018-02-14
2335,C779,36,1,2018-02-13
2336,C779,37,2,2018-02-12
2337,C779,38,3,2018-02-11
2338,C780,39,4,2018-02-10
2339,C780,40,5,2018-02-09
2340,C780,41,1,2018-02-08
2341,C781,42,2,2018-02-07
2342,C781,43,3,2018-02-06
2343,C781,44,4,2018-02-05
2344,C782,45,5,2018-02-04
2345,C782,46,1,2018-02-03
2346,C782,47,2,2018-02-02
2347,C783,48,3,2018-02-01
2348,C783,49,4,2018-01-31
2349,C783,50,5,2018-01-30
2350,C784,1,1,2018-01-29
2351,C784,2,2,2018-01-28
2352,C784,3,3,2018-01-27
2353,C785,4,4,2018-01-26
2354,C785,5,5,2018-01-25
2355,C785,6,1,2018-01-24
2356,C786,7,2,2018-01-23
2357,C786,8,3,2018-01-22
2358,C786,9,4,2018-01-21
2359,C787,10,5,2018-01-20
2360,C787,11,1,2018-01-19
2361,C787,12,2,2018-01-18
2362,C788,13,3,2018-01-17
2363,C788,14,4,2018-01-16
2364,C788,15,5,2018-01-15
2365,C789,16,1,2018-01-14
2366,C789,17,2,2018-01-13
2367,C789,18,3,2018-01-12
2368,C790,19,4,2018-01-11
2369,C790,20,5,2018-01-10
2370,C790,21,1,2018-01-09
2371,C791,22,2,2018-01-08
2372,C791,23,3,2018-01-07
2373,C791,24,4,2018-01-06
2374,C792,25,5,2018-01-05
2375,C792,26,1,2018-01-04
2376,C792,27,2,2018-01-03
2377,C793,28,3,2018-01-02
2378,C793,29,4,2018-01-01
2379,C793,30,5,2017-12-31
2380,C794,31,1,2017-12-30
2381,C794,32,2,2017-12-29
2382,C794,33,3,2017-12-28
2383,C795,34,4,2017-12-27
2384,C795,35,5,2017-12-26
2385,C795,36,1,2017-12-25
2386,C796,37,2,2017-12-24
2387,C796,38,3,2017-12-23
2388,C796,39,4,2017-12-22
2389,C797,40,5,2017-12-21
2390,C797,41,1,2017-12-20
2391,C797,42,2,2017-12-19
2392,C798,43,3,2017-12-18
2393,C798,44,4,2017-12-17
2394,C798,45,5,2017-12-16
2395,C799,46,1,2017-12-15
2396,C799,47,2,2017-12-14
2397,C799,48,3,2017-12-13
2398,C800,49,4,2017-12-12
2399,C800,50,5,2017-12-11
2400,C800,1,1,2017-12-10
2401,C801,2,2,2017-12-09
2402,C801,3,3,2017-12-08
2403,C801,4,4,2017-12-07
2404,C802,5,5,2017-12-06
2405,C802,6,1,2017-12-05
2406,C802,7,2,2017-12-04
2407,C803,8,3,2017-12-03
2408,C803,9,4,2017-12-02
2409,C803,10,5,2017-12-01
2410,C804,11,1,2017-11-30
2411,C804,12,2,2017-11-29
2412,C804,13,3,2017-11-28
2413,C805,14,4,2017-11-27
2414,C805,15,5,2017-11-26
2415,C805,16,1,2017-11-25
2416,C806,17,2,2017-11-24
2417,C806,18,3,2017-11-23
2418,C806,19,4,2017-11-22
2419,C807,20,5,2017-11-21
2420,C807,21,1,2017-11-20
2421,C807,22,2,2017-11-19
2422,C808,23,3,2017-11-18
2423,C808,24,4,2017-11-17
2424,C808,25,5,2017-11-16
2425,C809,26,1,2017-11-15
2426,C809,27,2,2017-11-14
2427,C809,28,3,2017-11-13
2428,C810,29,4,2017-11-12
2429,C810,30,5,2017-11-11
2430,C810,31,1,2017-11-10
2431,C811,32,2,2017-11-09
2432,C811,33,3,2017-11-08
2433,C811,34,4,2017-11-07
2434,C812,35,5,2017-11-06
2435,C812,36,1,2017-11-05
2436,C812,37,2,2017-11-04
2437,C813,38,3,2017-11-03
2438,C813,39,4,2017-11-02
2439,C813,40,5,2017-11-01
2440,C814,41,1,2017-10-31
2441,C814,42,2,2017-10-30
2442,C814,43,3,2017-10-29
2443,C815,44,4,2017-10-28
2444,C815,45,5,2017-10-27
2445,C815,46,1,2017-10-26
2446,C816,47,2,2017-10-25
2447,C816,48,3,2017-10-24
2448,C816,49,4,2017-10-23
2449,C817,50,5,2017-10-22
2450,C817,1,1,2017-10-21
2451,C817,2,2,2017-10-20
2452,C818,3,3,2017-10-19
2453,C818,4,4,2017-10-18
2454,C818,5,5,2017-10-17
2455,C819,6,1,2017-10-16
2456,C819,7,2,2017-10-15
2457,C819,8,3,2017-10-14
2458,C820,9,4,2017-10-13
2459,C820,10,5,2017-10-12
2460,C820,11,1,2017-10-11
2461,C821,12,2,2017-10-10
2462,C821,13,3,2017-10-09
2463,C821,14,4,2017-10-08
2464,C822,15,5,2017-10-07
2465,C822,16,1,2017-10-06
2466,C822,17,2,2017-10-05
2467,C823,18,3,2017-10-04
2468,C823,19,4,2017-10-03
2469,C823,20,5,2017-10-02
2470,C824,21,1,2017-10-01
2471,C824,22,2,2017-09-30
2472,C824,23,3,2017-09-29
2473,C825,24,4,2017-09-28
2474,C825,25,5,2017-09-27
2475,C825,26,1,2017-09-26
2476,C826,27,2,2017-09-25
2477,C826,28,3,2017-09-24
2478,C826,29,4,2017-09-23
2479,C827,30,5,2017-09-22
2480,C827,31,1,2017-09-21
2481,C827,32,2,2017-09-20
2482,C828,33,3,2017-09-19
2483,C828,34,4,2017-09-18
2484,C828,35,5,2017-09-17
2485,C829,36,1,2017-09-16
2486,C829,37,2,2017-09-15
2487,C829,38,3,2017-09-14
2488,C830,39,4,2017-09-13
2489,C830,40,5,2017-09-12
2490,C830,41,1,2017-09-11
2491,C831,42,2,2017-09-10
2492,C831,43,3,2017-09-09
2493,C831,44,4,2017-09-08
2494,C832,45,5,2017-09-07
2495,C832,46,1,2017-09-06
2496,C832,47,2,2017-09-05
2497,C833,48,3,2017-09-04
2498,C833,49,4,2017-09-03
2499,C833,50,5,2017-09-02
2500,C834,1,1,2017-09-01
2501,C834,2,2,2017-08-31
2502,C834,3,3,2017-08-30
2503,C835,4,4,2017-08-29
2504,C835,5,5,2017-08-28
2505,C835,6,1,2017-08-27
2506,C836,7,2,2017-08-26
2507,C836,8,3,2017-08-25
2508,C836,9,4,2017-08-24
2509,C837,10,5,2017-08-23
2510,C837,11,1,2017-08-22
2511,C837,12,2,2017-08-21
2512,C838,13,3,2017-08-20
2513,C838,14,4,2017-08-19
2514,C838,15,5,2017-08-18
2515,C839,16,1,2017-08-17
2516,C839,17,2,2017-08-16
2517,C839,18,3,2017-08-15
2518,C840,19,4,2017-08-14
2519,C840,20,5,2017-08-13
2520,C840,21,1,2017-08-12
2521,C841,22,2,2017-08-11
2522,C841,23,3,2017-08-10
2523,C841,24,4,2017-08-09
2524,C842,25,5,2017-08-08
2525,C842,26,1,2017-08-07
2526,C842,27,2,2017-08-06
2527,C843,28,3,2017-08-05
2528,C843,29,4,2017-08-04
2529,C843,30,5,2017-08-03
2530,C844,31,1,2017-08-02
2531,C844,32,2,2017-08-01
2532,C844,33,3,2017-07-31
2533,C845,34,4,2017-07-30
2534,C845,35,5,2017-07-29
2535,C845,36,1,2017-07-28
2536,C846,37,2,2017-07-27
2537,C846,38,3,2017-07-26
2538,C846,39,4,2017-07-25
2539,C847,40,5,2017-07-24
2540,C847,41,1,2017-07-23
2541,C847,42,2,2017-07-22
2542,C848,43,3,2017-07-21
2543,C848,44,4,2017-07-20
2544,C848,45,5,2017-07-19
2545,C849,46,1,2017-07-18
2546,C849,47,2,2017-07-17
2547,C849,48,3,2017-07-16
2548,C850,49,4,2017-07-15
2549,C850,50,5,2017-07-14
2550,C850,1,1,2017-07-13
2551,C851,2,2,2017-07-12
2552,C851,3,3,2017-07-11
2553,C851,4,4,2017-07-10
2554,C852,5,5,2017-07-09
2555,C852,6,1,2017-07-08
2556,C852,7,2,2017-07-07
2557,C853,8,3,2017-07-06
2558,C853,9,4,2017-07-05
2559,C853,10,5,2017-07-04
2560,C854,11,1,2017-07-03
2561,C854,12,2,2017-07-02
2562,C854,13,3,2017-07-01
2563,C855,14,4,2017-06-30
2564,C855,15,5,2017-06-29
2565,C855,16,1,2017-06-28
2566,C856,17,2,2017-06-27
2567,C856,18,3,2017-06-26
2568,C856,19,4,2017-06-25
2569,C857,20,5,2017-06-24
2570,C857,21,1,2017-06-23
2571,C857,22,2,2017-06-22
2572,C858,23,3,2017-06-21
2573,C858,24,4,2017-06-20
2574,C858,25,5,2017-06-19
2575,C859,26,1,2017-06-18
2576,C859,27,2,2017-06-17
2577,C859,28,3,2017-06-16
2578,C860,29,4,2017-06-15
2579,C860,30,5,2017-06-14
2580,C860,31,1,2017-06-13
2581,C861,32,2,2017-06-12
2582,C861,33,3,2017-06-11
2583,C861,34,4,2017-06-10
2584,C862,35,5,2017-06-09
2585,C862,36,1,2017-06-08
2586,C862,37,2,2017-06-07
2587,C863,38,3,2017-06-06
2588,C863,39,4,2017-06-05
2589,C863,40,5,2017-06-04
2590,C864,41,1,2017-06-03
2591,C864,42,2,2017-06-02
2592,C864,43,3,2017-06-01
2593,C865,44,4,2017-05-31
2594,C865,45,5,2017-05-30
2595,C865,46,1,2017-05-29
2596,C866,47,2,2017-05-28
2597,C866,48,3,2017-05-27
2598,C866,49,4,2017-05-26
2599,C867,50,5,2017-05-25
2600,C867,1,1,2017-05-24
2601,C867,2,2,2017-05-23
2602,C868,3,3,2017-05-22
2603,C868,4,4,2017-05-21
2604,C868,5,5,2017-05-20
2605,C869,6,1,2017-05-19
2606,C869,7,2,2017-05-18
2607,C869,8,3,2017-05-17
2608,C870,9,4,2017-05-16
2609,C870,10,5,2017-05-15
2610,C870,11,1,2017-05-14
2611,C871,12,2,2017-05-13
2612,C871,13,3,2017-05-12
2613,C871,14,4,2017-05-11
2614,C872,15,5,2017-05-10
2615,C872,16,1,2017-05-09
2616,C872,17,2,2017-05-08
2617,C873,18,3,2017-05-07
2618,C873,19,4,2017-05-06
2619,C873,20,5,2017-05-05
2620,C874,21,1,2017-05-04
2621,C874,22,2,2017-05-03
2622,C874,23,3,2017-05-02
2623,C875,24,4,2017-05-01
2624,C875,25,5,2017-04-30
2625,C875,26,1,2017-04-29
2626,C876,27,2,2017-04-28
2627,C876,28,3,2017-04-27
2628,C876,29,4,2017-04-26
2629,C877,30,5,2017-04-25
2630,C877,31,1,2017-04-24
2631,C877,32,2,2017-04-23
2632,C878,33,3,2017-04-22
2633,C878,34,4,2017-04-21
2634,C878,35,5,2017-04-20
2635,C879,36,1,2017-04-19
2636,C879,37,2,2017-04-18
2637,C879,38,3,2017-04-17
2638,C880,39,4,2017-04-16
2639,C880,40,5,2017-04-15
2640,C880,41,1,2017-04-14
2641,C881,42,2,2017-04-13
2642,C881,43,3,2017-04-12
2643,C881,44,4,2017-04-11
2644,C882,45,5,2017-04-10
2645,C882,46,1,2017-04-09
2646,C882,47,2,2017-04-08
2647,C883,48,3,2017-04-07
2648,C883,49,4,2017-04-06
2649,C883,50,5,2017-04-05
2650,C884,1,1,2017-04-04
2651,C884,2,2,2017-04-03
2652,C884,3,3,2017-04-02
2653,C885,4,4,2017-04-01
2654,C885,5,5,2017-03-31
2655,C885,6,1,2017-03-30
2656,C886,7,2,2017-03-29
2657,C886,8,3,2017-03-28
2658,C886,9,4,2017-03-27
2659,C887,10,5,2017-03-26
2660,C887,11,1,2017-03-25
2661,C887,12,2,2017-03-24
2662,C888,13,3,2017-03-23
2663,C888,14,4,2017-03-22
2664,C888,15,5,2017-03-21
2665,C889,16,1,2017-03-20
2666,C889,17,2,2017-03-19
2667,C889,18,3,2017-03-18
2668,C890,19,4,2017-03-17
2669,C890,20,5,2017-03-16
2670,C890,21,1,2017-03-15
2671,C891,22,2,2017-03-14
2672,C891,23,3,2017-03-13
2673,C891,24,4,2017-03-12
2674,C892,25,5,2017-03-11
2675,C892,26,1,2017-03-10
2676,C892,27,2,2017-03-09
2677,C893,28,3,2017-03-08
2678,C893,29,4,2017-03-07
2679,C893,30,5,2017-03-06
2680,C894,31,1,2017-03-05
2681,C894,32,2,2017-03-04
2682,C894,33,3,2017-03-03
2683,C895,34,4,2017-03-02
2684,C895,35,5,2017-03-01
2685,C895,36,1,2017-02-28
2686,C896,37,2,2017-02-27
2687,C896,38,3,2017-02-26
2688,C896,39,4,2017-02-25
2689,C897,40,5,2017-02-24
2690,C897,41,1,2017-02-23
2691,C897,42,2,2017-02-22
2692,C898,43,3,2017-02-21
2693,C898,44,4,2017-02-20
2694,C898,45,5,2017-02-19
2695,C899,46,1,2017-02-18
2696,C899,47,2,2017-02-17
2697,C899,48,3,2017-02-16
2698,C900,49,4,2017-02-15
2699,C900,50,5,2017-02-14
2700,C900,1,1,2017-02-13
2701,C901,2,2,2017-02-12
2702,C901,3,3,2017-02-11
2703,C901,4,4,2017-02-10
2704,C902,5,5,2017-02-09
2705,C902,6,1,2017-02-08
2706,C902,7,2,2017-02-07
2707,C903,8,3,2017-02-06
2708,C903,9,4,2017-02-05
2709,C903,10,5,2017-02-04
2710,C904,11,1,2017-02-03
2711,C904,12,2,2017-02-02
2712,C904,13,3,2017-02-01
2713,C905,14,4,2017-01-31
2714,C905,15,5,2017-01-30
2715,C905,16,1,2017-01-29
2716,C906,17,2,2017-01-28
2717,C906,18,3,2017-01-27
2718,C906,19,4,2017-01-26
2719,C907,20,5,2017-01-25
2720,C907,21,1,2017-01-24
2721,C907,22,2,2017-01-23
2722,C908,23,3,2017-01-22
2723,C908,24,4,2017-01-21
2724,C908,25,5,2017-01-20
2725,C909,26,1,2017-01-19
2726,C909,27,2,2017-01-18
2727,C909,28,3,2017-01-17
2728,C910,29,4,2017-01-16
2729,C910,30,5,2017-01-15
2730,C910,31,1,2017-01-14
2731,C911,32,2,2017-01-13
2732,C911,33,3,2017-01-12
2733,C911,34,4,2017-01-11
2734,C912,35,5,2017-01-10
2735,C912,36,1,2017-01-09
2736,C912,37,2,2017-01-08
2737,C913,38,3,2017-01-07
2738,C913,39,4,2017-01-06
2739,C913,40,5,2017-01-05
2740,C914,41,1,2017-01-04
2741,C914,42,2,2017-01-03
2742,C914,43,3,2017-01-02
2743,C915,44,4,2017-01-01
2744,C915,45,5,2016-12-31
2745,C915,46,1,2016-12-30
2746,C916,47,2,2016-12-29
2747,C916,48,3,2016-12-28
2748,C916,49,4,2016-12-27
2749,C917,50,5,2016-12-26
2750,C917,1,1,2016-12-25
2751,C917,2,2,2016-12-24
2752,C918,3,3,2016-12-23
2753,C918,4,4,2016-12-22
2754,C918,5,5,2016-12-21
2755,C919,6,1,2016-12-20
2756,C919,7,2,2016-12-19
2757,C919,8,3,2016-12-18
2758,C920,9,4,2016-12-17
2759,C920,10,5,2016-12-16
2760,C920,11,1,2016-12-15
2761,C921,12,2,2016-12-14
2762,C921,13,3,2016-12-13
2763,C921,14,4,2016-12-12
2764,C922,15,5,2016-12-11
2765,C922,16,1,2016-12-10
2766,C922,17,2,2016-12-09
2767,C923,18,3,2016-12-08
2768,C923,19,4,2016-12-07
2769,C923,20,5,2016-12-06
2770,C924,21,1,2016-12-05
2771,C924,22,2,2016-12-04
2772,C924,23,3,2016-12-03
2773,C925,24,4,2016-12-02
2774,C925,25,5,2016-12-01
2775,C925,26,1,2016-11-30
2776,C926,27,2,2016-11-29
2777,C926,28,3,2016-11-28
2778,C926,29,4,2016-11-27
2779,C927,30,5,2016-11-26
2780,C927,31,1,2016-11-25
2781,C927,32,2,2016-11-24
2782,C928,33,3,2016-11-23
2783,C928,34,4,2016-11-22
2784,C928,35,5,2016-11-21
2785,C929,36,1,2016-11-20
2786,C929,37,2,2016-11-19
2787,C929,38,3,2016-11-18
2788,C930,39,4,2016-11-17
2789,C930,40,5,2016-11-16
2790,C930,41,1,2016-11-15
2791,C931,42,2,2016-11-14
2792,C931,43,3,2016-11-13
2793,C931,44,4,2016-11-12
2794,C932,45,5,2016-11-11
2795,C932,46,1,2016-11-10
2796,C932,47,2,2016-11-09
2797,C933,48,3,2016-11-08
2798,C933,49,4,2016-11-07
2799,C933,50,5,2016-11-06
2800,C934,1,1,2016-11-05
2801,C934,2,2,2016-11-04
2802,C934,3,3,2016-11-03
2803,C935,4,4,2016-11-02
2804,C935,5,5,2016-11-01
2805,C935,6,1,2016-10-31
2806,C936,7,2,2016-10-30
2807,C936,8,3,2016-10-29
2808,C936,9,4,2016-10-28
2809,C937,10,5,2016-10-27
2810,C937,11,1,2016-10-26
2811,C937,12,2,2016-10-25
2812,C938,13,3,2016-10-24
2813,C938,14,4,2016-10-23
2814,C938,15,5,2016-10-22
2815,C939,16,1,2016-10-21
2816,C939,17,2,2016-10-20
2817,C939,18,3,2016-10-19
2818,C940,19,4,2016-10-18
2819,C940,20,5,2016-10-17
2820,C940,21,1,2016-10-16
2821,C941,22,2,2016-10-15
2822,C941,23,3,2016-10-14
2823,C941,24,4,2016-10-13
2824,C942,25,5,2016-10-12
2825,C942,26,1,2016-10-11
2826,C942,27,2,2016-10-10
2827,C943,28,3,2016-10-09
2828,C943,29,4,2016-10-08
2829,C943,30,5,2016-10-07
2830,C944,31,1,2016-10-06
2831,C944,32,2,2016-10-05
2832,C944,33,3,2016-10-04
2833,C945,34,4,2016-10-03
2834,C945,35,5,2016-10-02
2835,C945,36,1,2016-10-01
2836,C946,37,2,2016-09-30
2837,C946,38,3,2016-09-29
2838,C946,39,4,2016-09-28
2839,C947,40,5,2016-09-27
2840,C947,41,1,2016-09-26
2841,C947,42,2,2016-09-25
2842,C948,43,3,2016-09-24
2843,C948,44,4,2016-09-23
2844,C948,45,5,2016-09-22
2845,C949,46,1,2016-09-21
2846,C949,47,2,2016-09-20
2847,C949,48,3,2016-09-19
2848,C950,49,4,2016-09-18
2849,C950,50,5,2016-09-17
2850,C950,1,1,2016-09-16
2851,C951,2,2,2016-09-15
2852,C951,3,3,2016-09-14
2853,C951,4,4,2016-09-13
2854,C952,5,5,2016-09-12
2855,C952,6,1,2016-09-11
2856,C952,7,2,2016-09-10
2857,C953,8,3,2016-09-09
2858,C953,9,4,2016-09-08
2859,C953,10,5,2016-09-07
2860,C954,11,1,2016-09-06
2861,C954,12,2,2016-09-05
2862,C954,13,3,2016-09-04
2863,C955,14,4,2016-09-03
2864,C955,15,5,2016-09-02
2865,C955,16,1,2016-09-01
2866,C956,17,2,2016-08-31
2867,C956,18,3,2016-08-30
2868,C956,19,4,2016-08-29
2869,C957,20,5,2016-08-28
2870,C957,21,1,2016-08-27
2871,C957,22,2,2016-08-26
2872,C958,23,3,2016-08-25
2873,C958,24,4,2016-08-24
2874,C958,25,5,2016-08-23
2875,C959,26,1,2016-08-22
2876,C959,27,2,2016-08-21
2877,C959,28,3,2016-08-20
2878,C960,29,4,2016-08-19
2879,C960,30,5,2016-08-18
2880,C960,31,1,2016-08-17
2881,C961,32,2,2016-08-16
2882,C961,33,3,2016-08-15
2883,C961,34,4,2016-08-14
2884,C962,35,5,2016-08-13
2885,C962,36,1,2016-08-12
2886,C962,37,2,2016-08-11
2887,C963,38,3,2016-08-10
2888,C963,39,4,2016-08-09
2889,C963,40,5,2016-08-08
2890,C964,41,1,2016-08-07
2891,C964,42,2,2016-08-06
2892,C964,43,3,2016-08-05
2893,C965,44,4,2016-08-04
2894,C965,45,5,2016-08-03
2895,C965,46,1,2016-08-02
2896,C966,47,2,2016-08-01
2897,C966,48,3,2016-07-31
2898,C966,49,4,2016-07-30
2899,C967,50,5,2016-07-29
2900,C967,1,1,2016-07-28
2901,C967,2,2,2016-07-27
2902,C968,3,3,2016-07-26
2903,C968,4,4,2016-07-25
2904,C968,5,5,2016-07-24
2905,C969,6,1,2016-07-23
2906,C969,7,2,2016-07-22
2907,C969,8,3,2016-07-21
2908,C970,9,4,2016-07-20
2909,C970,10,5,2016-07-19
2910,C970,11,1,2016-07-18
2911,C971,12,2,2016-07-17
2912,C971,13,3,2016-07-16
2913,C971,14,4,2016-07-15
2914,C972,15,5,2016-07-14
2915,C972,16,1,2016-07-13
2916,C972,17,2,2016-07-12
2917,C973,18,3,2016-07-11
2918,C973,19,4,2016-07-10
2919,C973,20,5,2016-07-09
2920,C974,21,1,2016-07-08
2921,C974,22,2,2016-07-07
2922,C974,23,3,2016-07-06
2923,C975,24,4,2016-07-05
2924,C975,25,5,2016-07-04
2925,C975,26,1,2016-07-03
2926,C976,27,2,2016-07-02
2927,C976,28,3,2016-07-01
2928,C976,29,4,2016-06-30
2929,C977,30,5,2016-06-29
2930,C977,31,1,2016-06-28
2931,C977,32,2,2016-06-27
2932,C978,33,3,2016-06-26
2933,C978,34,4,2016-06-25
2934,C978,35,5,2016-06-24
2935,C979,36,1,2016-06-23
2936,C979,37,2,2016-06-22
2937,C979,38,3,2016-06-21
2938,C980,39,4,2016-06-20
2939,C980,40,5,2016-06-19
2940,C980,41,1,2016-06-18
2941,C981,42,2,2016-06-17
2942,C981,43,3,2016-06-16
2943,C981,44,4,2016-06-15
2944,C982,45,5,2016-06-14
2945,C982,46,1,2016-06-13
2946,C982,47,2,2016-06-12
2947,C983,48,3,2016-06-11
2948,C983,49,4,2016-06-10
2949,C983,50,5,2016-06-09
2950,C984,1,1,2016-06-08
2951,C984,2,2,2016-06-07
2952,C984,3,3,2016-06-06
2953,C985,4,4,2016-06-05
2954,C985,5,5,2016-06-04
2955,C985,6,1,2016-06-03
2956,C986,7,2,2016-06-02
2957,C986,8,3,2016-06-01
2958,C986,9,4,2016-05-31
2959,C987,10,5,2016-05-30
2960,C987,11,1,2016-05-29
2961,C987,12,2,2016-05-28
2962,C988,13,3,2016-05-27
2963,C988,14,4,2016-05-26
2964,C988,15,5,2016-05-25
2965,C989,16,1,2016-05-24
2966,C989,17,2,2016-05-23
2967,C989,18,3,2016-05-22
2968,C990,19,4,2016-05-21
2969,C990,20,5,2016-05-20
2970,C990,21,1,2016-05-19
2971,C991,22,2,2016-05-18
2972,C991,23,3,2016-05-17
2973,C991,24,4,2016-05-16
2974,C992,25,5,2016-05-15
2975,C992,26,1,2016-05-14
2976,C992,27,2,2016-05-13
2977,C993,28,3,2016-05-12
2978,C993,29,4,2016-05-11
2979,C993,30,5,2016-05-10
2980,C994,31,1,2016-05-09
2981,C994,32,2,2016-05-08
2982,C994,33,3,2016-05-07
2983,C995,34,4,2016-05-06
2984,C995,35,5,2016-05-05
2985,C995,36,1,2016-05-04
2986,C996,37,2,2016-05-03
2987,C996,38,3,2016-05-02
2988,C996,39,4,2016-05-01
2989,C997,40,5,2016-04-30
2990,C997,41,1,2016-04-29
2991,C997,42,2,2016-04-28
2992,C998,43,3,2016-04-27
2993,C998,44,4,2016-04-26
2994,C998,45,5,2016-04-25
2995,C999,46,1,2016-04-24
2996,C999,47,2,2016-04-23
2997,C999,48,3,2016-04-22
2998,C1000,49,4,2016-04-21
2999,C1000,50,5,2016-04-20
3000,C1000,1,1,2016-04-19
